"Pt-0","true","-0.13727469875640774","-0.9745088002605586","-0.049966422933320986","-1.0023740797243006"
"Pt-1","true","0.08120462814426499","-0.8979004832413556","0.04616139252066209","-1.0029062003178408"
"Pt-2","true","-0.017145050475988577","-0.6434257512375381","0.008126722528413843","-0.6653310997989969"
"Pt-3","true","-0.38786368017457495","-1.4389463588459992","-0.32847612713154795","-1.4932788137336654"
"Pt-4","true","-1.1575005695597347","-1.582485625962274","-1.1609327789583","-1.689052900381255"
"Pt-5","true","-1.5834707359991929","-1.5147547311627572","-1.6877109679516804","-1.5703872187466676"
"Pt-6","true","-1.3862911735006067","-1.1894133768894908","-1.3626420150765255","-1.3139302539197601"
"Pt-7","true","-1.090257404672347","-1.2446240791734968","-1.0423076807651293","-1.2833839616574674"
"Pt-8","true","-0.7146446875294592","-1.1671188855664634","-0.7146446875294592","-1.1671188855664634"
"Pt-9","true","-0.7108533639129383","-1.2524088915144835","-0.7161701298819789","-1.2803080839023364"
"Pt-10","true","-1.1678656622432504","-1.0938087958229508","-1.152752256768495","-1.1072971132366058"
"Pt-11","true","-1.5117759197026783","-1.1859704909648738","-1.5040408227789193","-1.2252639172700093"
"Pt-12","true","-1.9339998628251542","-3.5558036662017294","-1.8886270905403437","-3.6581421008845605"
"Pt-13","true","-0.08687691398037067","-2.8230338571188414","-0.11846422349528574","-2.839656494050687"
"Pt-14","true","0.058031866991055336","-2.817536948514123","0.10199607930313492","-2.8408768636869173"
"Pt-15","true","0.023644084639091068","-2.2021385163866047","-0.008442995298280076","-2.3090448963692323"
"Pt-16","true","2.224812186757884","-3.433300066896308","2.2689322293352423","-3.495107313979069"
"Pt-17","true","2.74251012187167","-3.207014576493705","2.7761806564169373","-3.302965656584383"
"Pt-18","true","3.7024693111685103","-2.7318175749760307","3.7024693111685103","-2.7318175749760307"
"Pt-19","true","4.772783160313564","-0.6798201402315969","4.920354918586428","-0.7072272564103206"
"Pt-20","true","4.519610971306141","-1.5824863397026043","4.602153685381989","-1.6154424230490667"
"Pt-21","true","4.791905250847487","0.10596287845827357","4.9955120836336775","0.06051876055129002"
"Pt-22","true","4.680636734017178","1.234438022565259","4.7151024099797","1.28212958353301"
"Pt-23","true","4.887045533034927","0.8331358170821902","4.958828989687131","0.8258981206088769"
"Pt-24","true","3.7590327864647586","2.924478604945303","3.7590327864647586","2.924478604945303"
"Pt-25","true","4.029508744617718","2.4812667149978456","4.00048203837456","2.427559752884385"
"Pt-26","true","2.5911080698249016","3.4929710378263015","2.5911080698249016","3.4929710378263015"
"Pt-27","true","1.943276919844314","3.207805977955644","1.943276919844314","3.207805977955644"
"Pt-28","true","-0.06362885348942937","2.8334552540254805","0.029130709915343833","2.874952028924418"
"Pt-29","true","-0.09162107929801144","2.302406105454513","0.009102660570017518","2.2913501125351687"
"Pt-30","true","-0.024444800060742566","2.2999345613482483","0.05109509919828825","2.2911176611758868"
"Pt-31","true","-0.05653594286820163","1.812984989211806","0.01871339219172674","1.7516775407541059"
"Pt-32","true","-0.07068530979201204","3.06756906605818","0.02795238655670995","3.010013264275794"
"Pt-33","true","-1.1508257124886894","2.765856948957237","-1.1161378353100155","2.738867023664782"
"Pt-34","true","-1.890232492351381","2.8047872555275326","-1.70459090450073","2.937749170316819"
"Pt-35","true","-2.1702520481788388","3.0501982878885077","-2.0540752167007446","3.2210618007070044"
"Pt-36","true","-1.8003832564178595","2.5765076662355653","-1.6688846895133376","2.6106170303153826"
"Pt-37","true","-2.8278299027125087","3.430842964078711","-2.7933040356917136","3.5205858690444045"
"Pt-38","true","-3.530521667925958","3.388550414394208","-3.530521667925958","3.388550414394208"
"Pt-39","true","-4.0132846996666895","2.8854721964285472","-3.9575698424379313","2.8511346934611046"
"Pt-40","true","-3.6514438059239995","1.478820282113149","-3.6514438059239995","1.478820282113149"
"Pt-41","true","-3.165392907659382","1.4645552011683454","-3.165392907659382","1.4645552011683454"
"Pt-42","true","-3.387928281281159","2.24590974297624","-3.387928281281159","2.24590974297624"
"Pt-43","true","-4.4229943172554895","2.128679485728229","-4.369848205168096","2.1224763537487057"
"Pt-44","true","-4.615230912527416","1.559531020354794","-4.615230912527416","1.559531020354794"
"Pt-45","true","-5.0237249239624795","0.21757040143368778","-5.069607778771922","0.2086576847977094"
"Pt-46","true","-5.039377353659897","-0.12609433868843145","-5.1080494122244975","-0.11196414548664724"
"Pt-47","true","-4.909592442192999","0.9640249584000328","-4.955424555785921","0.9642786644826381"
"Pt-48","true","-4.315238874815506","-2.2717656306518053","-4.315238874815506","-2.2717656306518053"
"Pt-49","true","-3.814898209131961","-2.7567745751211037","-3.814898209131961","-2.7567745751211037"
"Pt-50","true","-2.8034864137413398","-3.2903421679062856","-2.8370424307769144","-3.344200474305117"
"Pt-51","true","-4.938016977828358","-1.1400925145032554","-4.965258738025033","-1.1549817814916712"
"Pt-52","true","-1.779004070877126","-2.4963171056572477","-1.779004070877126","-2.4963171056572477"
"Pt-53","true","-1.0100311737923362","-2.5172027364648413","-1.0100311737923362","-2.5172027364648413"
"Pt-54","true","-2.6947103391051552","-1.94665035509685","-2.6947103391051552","-1.94665035509685"
"Pt-55","true","-2.5075634078318743","-1.1827550414040915","-2.5075634078318743","-1.1827550414040915"
"Pt-56","true","1.1324092232042362","-2.49974115466986","1.1324092232042362","-2.49974115466986"
"Pt-57","true","1.9671958411591044","-2.205960746974802","1.9671958411591044","-2.205960746974802"
"Pt-58","true","2.3808963756222403","-1.6587194929732352","2.4650551432185175","-1.632578634555104"
"Pt-59","true","0.3357755606287839","-1.4742096017781783","0.31017209375379456","-1.501640462824584"
"Pt-60","true","0.6019040406532277","-1.2922189955140309","0.6019040406532277","-1.2922189955140309"
"Pt-61","true","0.7370665864887627","-1.3968946509945597","0.7370665864887627","-1.3968946509945597"
"Pt-62","true","0.6709135350529214","-1.4697018702412126","0.6709135350529214","-1.4697018702412126"
"Pt-63","true","1.2580975950140818","-1.5262677593759837","1.326263998544642","-1.5537146279007015"
"Pt-64","true","0.9511620155403193","-1.5529272563144414","0.9496661076023134","-1.5903007072683963"
"Pt-65","true","1.1354298931023181","-1.5642594827008054","1.1351444831617852","-1.6158189119455892"
"Pt-66","true","1.111245954209045","-1.4970497782448535","1.1098999121778927","-1.5190022771413512"
"Pt-67","true","2.552800064154469","-1.1864688529721716","2.552800064154469","-1.1864688529721716"
"Pt-68","true","2.2070835772934094","-1.346972423651939","2.2210229680383504","-1.3686568141217892"
"Pt-69","true","1.2110774379843414","-1.1887108994298168","1.145138094872272","-1.2701050321975598"
"Pt-71","true","3.335738692251152","1.7855096779548116","3.3661046669412666","1.8107945537557"
"Pt-72","true","-1.2875585056486765","-1.3186730373055338","-1.2624047093625188","-1.4012119033620374"
