timestamp,config_tag,image,region_label,hemisphere,acronym,is_leaf,area_mm2,n_dapi,density_per_mm2
2026-07-09T14:04:29,sigma2.5_nPeak2_prom500_min20.0_max250.0_exp5.0,"M3_20x_MIP_Z1-3.ome.tiff - czi_to_mip","Left: RSPd",Left,"RSPd",false,0.543368,2556,4703.991
2026-07-09T14:04:29,sigma2.5_nPeak2_prom500_min20.0_max250.0_exp5.0,"M3_20x_MIP_Z1-3.ome.tiff - czi_to_mip","Left: root",Left,"root",false,27.707005,107118,3866.098
2026-07-09T14:04:29,sigma2.5_nPeak2_prom500_min20.0_max250.0_exp5.0,"M3_20x_MIP_Z1-3.ome.tiff - czi_to_mip","Right: DG-mo",Right,"DG-mo",true,0.485832,1402,2885.769
2026-07-09T14:04:29,sigma2.5_nPeak2_prom500_min20.0_max250.0_exp5.0,"M3_20x_MIP_Z1-3.ome.tiff - czi_to_mip","Left: LP",Left,"LP",true,0.074172,264,3559.304
2026-07-09T14:04:29,sigma2.5_nPeak2_prom500_min20.0_max250.0_exp5.0,"M3_20x_MIP_Z1-3.ome.tiff - czi_to_mip","Right: lfbs",Right,"lfbs",false,1.769090,7374,4168.244
2026-07-09T14:04:29,sigma2.5_nPeak2_prom500_min20.0_max250.0_exp5.0,"M3_20x_MIP_Z1-3.ome.tiff - czi_to_mip","Right: mfsbshy",Right,"mfsbshy",false,0.104237,330,3165.853
2026-07-09T14:04:29,sigma2.5_nPeak2_prom500_min20.0_max250.0_exp5.0,"M3_20x_MIP_Z1-3.ome.tiff - czi_to_mip","Left: CA1",Left,"CA1",true,0.794552,2787,3507.637
2026-07-09T14:04:29,sigma2.5_nPeak2_prom500_min20.0_max250.0_exp5.0,"M3_20x_MIP_Z1-3.ome.tiff - czi_to_mip","Left: PVZ",Left,"PVZ",false,0.202128,642,3176.213
2026-07-09T14:04:29,sigma2.5_nPeak2_prom500_min20.0_max250.0_exp5.0,"M3_20x_MIP_Z1-3.ome.tiff - czi_to_mip","Left: PR",Left,"PR",true,0.078896,268,3396.895
2026-07-09T14:04:29,sigma2.5_nPeak2_prom500_min20.0_max250.0_exp5.0,"M3_20x_MIP_Z1-3.ome.tiff - czi_to_mip","Left: LA",Left,"LA",true,0.021151,80,3782.350
2026-07-09T14:04:29,sigma2.5_nPeak2_prom500_min20.0_max250.0_exp5.0,"M3_20x_MIP_Z1-3.ome.tiff - czi_to_mip","Right: DG-sg",Right,"DG-sg",true,0.193414,372,1923.332
2026-07-09T14:04:29,sigma2.5_nPeak2_prom500_min20.0_max250.0_exp5.0,"M3_20x_MIP_Z1-3.ome.tiff - czi_to_mip","Left: cm",Left,"cm",false,0.153633,253,1646.777
2026-07-09T14:04:29,sigma2.5_nPeak2_prom500_min20.0_max250.0_exp5.0,"M3_20x_MIP_Z1-3.ome.tiff - czi_to_mip","Left: MTN",Left,"MTN",false,0.244411,958,3919.628
2026-07-09T14:04:29,sigma2.5_nPeak2_prom500_min20.0_max250.0_exp5.0,"M3_20x_MIP_Z1-3.ome.tiff - czi_to_mip","Right: fxs",Right,"fxs",false,0.479087,2108,4400.036
2026-07-09T14:04:29,sigma2.5_nPeak2_prom500_min20.0_max250.0_exp5.0,"M3_20x_MIP_Z1-3.ome.tiff - czi_to_mip","Right: VISa",Right,"VISa",false,0.913627,4140,4531.388
2026-07-09T14:04:29,sigma2.5_nPeak2_prom500_min20.0_max250.0_exp5.0,"M3_20x_MIP_Z1-3.ome.tiff - czi_to_mip","Left: em",Left,"em",true,0.036917,149,4036.035
2026-07-09T14:04:29,sigma2.5_nPeak2_prom500_min20.0_max250.0_exp5.0,"M3_20x_MIP_Z1-3.ome.tiff - czi_to_mip","Right: SSs4",Right,"SSs4",true,0.171404,780,4550.643
2026-07-09T14:04:29,sigma2.5_nPeak2_prom500_min20.0_max250.0_exp5.0,"M3_20x_MIP_Z1-3.ome.tiff - czi_to_mip","Right: RSPd6a",Right,"RSPd6a",true,0.123934,610,4921.977
2026-07-09T14:04:29,sigma2.5_nPeak2_prom500_min20.0_max250.0_exp5.0,"M3_20x_MIP_Z1-3.ome.tiff - czi_to_mip","Right: AUDv2/3",Right,"AUDv2/3",true,0.171209,663,3872.450
2026-07-09T14:04:29,sigma2.5_nPeak2_prom500_min20.0_max250.0_exp5.0,"M3_20x_MIP_Z1-3.ome.tiff - czi_to_mip","Left: LZ",Left,"LZ",false,1.017125,3716,3653.435
2026-07-09T14:04:29,sigma2.5_nPeak2_prom500_min20.0_max250.0_exp5.0,"M3_20x_MIP_Z1-3.ome.tiff - czi_to_mip","Right: CTXpl",Right,"CTXpl",false,12.569866,46510,3700.119
2026-07-09T14:04:29,sigma2.5_nPeak2_prom500_min20.0_max250.0_exp5.0,"M3_20x_MIP_Z1-3.ome.tiff - czi_to_mip","Right: AUDv",Right,"AUDv",false,0.336236,1176,3497.541
2026-07-09T14:04:29,sigma2.5_nPeak2_prom500_min20.0_max250.0_exp5.0,"M3_20x_MIP_Z1-3.ome.tiff - czi_to_mip","Left: VISC6b",Left,"VISC6b",true,0.015255,54,3539.713
2026-07-09T14:04:29,sigma2.5_nPeak2_prom500_min20.0_max250.0_exp5.0,"M3_20x_MIP_Z1-3.ome.tiff - czi_to_mip","Right: or",Right,"or",true,0.509602,2171,4260.187
2026-07-09T14:04:29,sigma2.5_nPeak2_prom500_min20.0_max250.0_exp5.0,"M3_20x_MIP_Z1-3.ome.tiff - czi_to_mip","Right: VP",Right,"VP",false,0.930930,3777,4057.233
2026-07-09T14:04:29,sigma2.5_nPeak2_prom500_min20.0_max250.0_exp5.0,"M3_20x_MIP_Z1-3.ome.tiff - czi_to_mip","Left: OLF",Left,"OLF",false,1.997561,6686,3347.081
2026-07-09T14:04:29,sigma2.5_nPeak2_prom500_min20.0_max250.0_exp5.0,"M3_20x_MIP_Z1-3.ome.tiff - czi_to_mip","Left: SSp-bfd6b",Left,"SSp-bfd6b",true,0.054922,236,4297.009
2026-07-09T14:04:29,sigma2.5_nPeak2_prom500_min20.0_max250.0_exp5.0,"M3_20x_MIP_Z1-3.ome.tiff - czi_to_mip","Right: sup",Right,"sup",true,0.008741,0,0.000
2026-07-09T14:04:29,sigma2.5_nPeak2_prom500_min20.0_max250.0_exp5.0,"M3_20x_MIP_Z1-3.ome.tiff - czi_to_mip","Right: TEa1",Right,"TEa1",true,0.102738,127,1236.156
2026-07-09T14:04:29,sigma2.5_nPeak2_prom500_min20.0_max250.0_exp5.0,"M3_20x_MIP_Z1-3.ome.tiff - czi_to_mip","Right: mfbs",Right,"mfbs",false,0.853466,3652,4279.024
2026-07-09T14:04:29,sigma2.5_nPeak2_prom500_min20.0_max250.0_exp5.0,"M3_20x_MIP_Z1-3.ome.tiff - czi_to_mip","Left: SI",Left,"SI",false,0.090190,290,3215.448
2026-07-09T14:04:29,sigma2.5_nPeak2_prom500_min20.0_max250.0_exp5.0,"M3_20x_MIP_Z1-3.ome.tiff - czi_to_mip","Right: MEZ",Right,"MEZ",false,0.658879,2667,4047.784
2026-07-09T14:04:29,sigma2.5_nPeak2_prom500_min20.0_max250.0_exp5.0,"M3_20x_MIP_Z1-3.ome.tiff - czi_to_mip","Right: CA1",Right,"CA1",true,1.086779,3567,3282.178
2026-07-09T14:04:29,sigma2.5_nPeak2_prom500_min20.0_max250.0_exp5.0,"M3_20x_MIP_Z1-3.ome.tiff - czi_to_mip","Right: RSPv2/3",Right,"RSPv2/3",true,0.138840,612,4407.944
2026-07-09T14:04:29,sigma2.5_nPeak2_prom500_min20.0_max250.0_exp5.0,"M3_20x_MIP_Z1-3.ome.tiff - czi_to_mip","Right: STR",Right,"STR",false,2.601095,10285,3954.103
2026-07-09T14:04:29,sigma2.5_nPeak2_prom500_min20.0_max250.0_exp5.0,"M3_20x_MIP_Z1-3.ome.tiff - czi_to_mip","Right: SSp",Right,"SSp",false,2.090772,9324,4459.596
2026-07-09T14:04:29,sigma2.5_nPeak2_prom500_min20.0_max250.0_exp5.0,"M3_20x_MIP_Z1-3.ome.tiff - czi_to_mip","Right: AIp6b",Right,"AIp6b",true,0.013206,50,3786.237
2026-07-09T14:04:29,sigma2.5_nPeak2_prom500_min20.0_max250.0_exp5.0,"M3_20x_MIP_Z1-3.ome.tiff - czi_to_mip","Right: cc",Right,"cc",false,0.610105,2747,4502.501
2026-07-09T14:04:29,sigma2.5_nPeak2_prom500_min20.0_max250.0_exp5.0,"M3_20x_MIP_Z1-3.ome.tiff - czi_to_mip","Left: VISa5",Left,"VISa5",true,0.035780,181,5058.709
2026-07-09T14:04:29,sigma2.5_nPeak2_prom500_min20.0_max250.0_exp5.0,"M3_20x_MIP_Z1-3.ome.tiff - czi_to_mip","Right: grey",Right,"grey",false,24.834326,92758,3735.072
2026-07-09T14:04:29,sigma2.5_nPeak2_prom500_min20.0_max250.0_exp5.0,"M3_20x_MIP_Z1-3.ome.tiff - czi_to_mip","Right: RSPv1",Right,"RSPv1",true,0.106287,108,1016.121
2026-07-09T14:04:29,sigma2.5_nPeak2_prom500_min20.0_max250.0_exp5.0,"M3_20x_MIP_Z1-3.ome.tiff - czi_to_mip","Left: FC",Left,"FC",true,0.041981,112,2667.845
2026-07-09T14:04:29,sigma2.5_nPeak2_prom500_min20.0_max250.0_exp5.0,"M3_20x_MIP_Z1-3.ome.tiff - czi_to_mip","Right: RSPagl6a",Right,"RSPagl6a",true,0.071310,352,4936.177
2026-07-09T14:04:29,sigma2.5_nPeak2_prom500_min20.0_max250.0_exp5.0,"M3_20x_MIP_Z1-3.ome.tiff - czi_to_mip","Right: scwm",Right,"scwm",true,0.088993,394,4427.333
2026-07-09T14:04:29,sigma2.5_nPeak2_prom500_min20.0_max250.0_exp5.0,"M3_20x_MIP_Z1-3.ome.tiff - czi_to_mip","Right: AUDd2/3",Right,"AUDd2/3",true,0.127686,510,3994.181
2026-07-09T14:04:29,sigma2.5_nPeak2_prom500_min20.0_max250.0_exp5.0,"M3_20x_MIP_Z1-3.ome.tiff - czi_to_mip","Right: PALv",Right,"PALv",true,0.082760,298,3600.775
2026-07-09T14:04:29,sigma2.5_nPeak2_prom500_min20.0_max250.0_exp5.0,"M3_20x_MIP_Z1-3.ome.tiff - czi_to_mip","Right: PeF",Right,"PeF",true,0.131951,466,3531.615
2026-07-09T14:04:29,sigma2.5_nPeak2_prom500_min20.0_max250.0_exp5.0,"M3_20x_MIP_Z1-3.ome.tiff - czi_to_mip","Left: stc",Left,"stc",true,0.016843,73,4334.199
2026-07-09T14:04:29,sigma2.5_nPeak2_prom500_min20.0_max250.0_exp5.0,"M3_20x_MIP_Z1-3.ome.tiff - czi_to_mip","Left: RSPd5",Left,"RSPd5",true,0.177785,890,5006.034
2026-07-09T14:04:29,sigma2.5_nPeak2_prom500_min20.0_max250.0_exp5.0,"M3_20x_MIP_Z1-3.ome.tiff - czi_to_mip","Left: CP",Left,"CP",true,1.916545,7736,4036.430
2026-07-09T14:04:29,sigma2.5_nPeak2_prom500_min20.0_max250.0_exp5.0,"M3_20x_MIP_Z1-3.ome.tiff - czi_to_mip","Right: BLAa",Right,"BLAa",false,0.413966,1374,3319.115
2026-07-09T14:04:29,sigma2.5_nPeak2_prom500_min20.0_max250.0_exp5.0,"M3_20x_MIP_Z1-3.ome.tiff - czi_to_mip","Right: AUDd",Right,"AUDd",false,0.274629,1022,3721.388
2026-07-09T14:04:29,sigma2.5_nPeak2_prom500_min20.0_max250.0_exp5.0,"M3_20x_MIP_Z1-3.ome.tiff - czi_to_mip","Right: COA",Right,"COA",true,0.328246,1241,3780.701
2026-07-09T14:04:29,sigma2.5_nPeak2_prom500_min20.0_max250.0_exp5.0,"M3_20x_MIP_Z1-3.ome.tiff - czi_to_mip","Left: SSp-un",Left,"SSp-un",false,0.119065,538,4518.536
2026-07-09T14:04:29,sigma2.5_nPeak2_prom500_min20.0_max250.0_exp5.0,"M3_20x_MIP_Z1-3.ome.tiff - czi_to_mip","Left: IA",Left,"IA",true,0.100801,412,4087.262
2026-07-09T14:04:29,sigma2.5_nPeak2_prom500_min20.0_max250.0_exp5.0,"M3_20x_MIP_Z1-3.ome.tiff - czi_to_mip","Left: SMT",Left,"SMT",true,0.306324,1084,3538.740
2026-07-09T14:04:29,sigma2.5_nPeak2_prom500_min20.0_max250.0_exp5.0,"M3_20x_MIP_Z1-3.ome.tiff - czi_to_mip","Right: ARH",Right,"ARH",true,0.085974,196,2279.767
2026-07-09T14:04:29,sigma2.5_nPeak2_prom500_min20.0_max250.0_exp5.0,"M3_20x_MIP_Z1-3.ome.tiff - czi_to_mip","Left: CTXpl",Left,"CTXpl",false,12.218436,47862,3917.195
2026-07-09T14:04:29,sigma2.5_nPeak2_prom500_min20.0_max250.0_exp5.0,"M3_20x_MIP_Z1-3.ome.tiff - czi_to_mip","Right: VISC6b",Right,"VISC6b",true,0.020480,83,4052.682
2026-07-09T14:04:29,sigma2.5_nPeak2_prom500_min20.0_max250.0_exp5.0,"M3_20x_MIP_Z1-3.ome.tiff - czi_to_mip","Right: DG-po",Right,"DG-po",true,0.067397,258,3828.045
2026-07-09T14:04:29,sigma2.5_nPeak2_prom500_min20.0_max250.0_exp5.0,"M3_20x_MIP_Z1-3.ome.tiff - czi_to_mip","Left: AIp",Left,"AIp",false,0.571302,1813,3173.453
2026-07-09T14:04:29,sigma2.5_nPeak2_prom500_min20.0_max250.0_exp5.0,"M3_20x_MIP_Z1-3.ome.tiff - czi_to_mip","Left: COAa",Left,"COAa",false,0.363231,1480,4074.539
2026-07-09T14:04:29,sigma2.5_nPeak2_prom500_min20.0_max250.0_exp5.0,"M3_20x_MIP_Z1-3.ome.tiff - czi_to_mip","Right: root",Right,"root",false,28.392890,105982,3732.695
2026-07-09T14:04:29,sigma2.5_nPeak2_prom500_min20.0_max250.0_exp5.0,"M3_20x_MIP_Z1-3.ome.tiff - czi_to_mip","Right: cm",Right,"cm",false,0.153505,262,1706.780
2026-07-09T14:04:29,sigma2.5_nPeak2_prom500_min20.0_max250.0_exp5.0,"M3_20x_MIP_Z1-3.ome.tiff - czi_to_mip","Right: RSPd2/3",Right,"RSPd2/3",true,0.139540,679,4865.984
2026-07-09T14:04:29,sigma2.5_nPeak2_prom500_min20.0_max250.0_exp5.0,"M3_20x_MIP_Z1-3.ome.tiff - czi_to_mip","Right: SSp-tr6b",Right,"SSp-tr6b",true,0.038982,182,4668.821
2026-07-09T14:04:29,sigma2.5_nPeak2_prom500_min20.0_max250.0_exp5.0,"M3_20x_MIP_Z1-3.ome.tiff - czi_to_mip","Left: VS",Left,"VS",false,0.277889,428,1540.184
2026-07-09T14:04:29,sigma2.5_nPeak2_prom500_min20.0_max250.0_exp5.0,"M3_20x_MIP_Z1-3.ome.tiff - czi_to_mip","Right: VISa6a",Right,"VISa6a",true,0.076462,371,4852.071
2026-07-09T14:04:29,sigma2.5_nPeak2_prom500_min20.0_max250.0_exp5.0,"M3_20x_MIP_Z1-3.ome.tiff - czi_to_mip","Left: SSp-ll",Left,"SSp-ll",false,0.003732,21,5627.718
2026-07-09T14:04:29,sigma2.5_nPeak2_prom500_min20.0_max250.0_exp5.0,"M3_20x_MIP_Z1-3.ome.tiff - czi_to_mip","Right: mfbse",Right,"mfbse",false,0.047078,173,3674.790
2026-07-09T14:04:29,sigma2.5_nPeak2_prom500_min20.0_max250.0_exp5.0,"M3_20x_MIP_Z1-3.ome.tiff - czi_to_mip","Left: STR",Left,"STR",false,3.321780,13051,3928.918
2026-07-09T14:04:29,sigma2.5_nPeak2_prom500_min20.0_max250.0_exp5.0,"M3_20x_MIP_Z1-3.ome.tiff - czi_to_mip","Left: ec",Left,"ec",true,0.080547,316,3923.184
2026-07-09T14:04:29,sigma2.5_nPeak2_prom500_min20.0_max250.0_exp5.0,"M3_20x_MIP_Z1-3.ome.tiff - czi_to_mip","Left: RSPd2/3",Left,"RSPd2/3",true,0.144223,750,5200.292
2026-07-09T14:04:29,sigma2.5_nPeak2_prom500_min20.0_max250.0_exp5.0,"M3_20x_MIP_Z1-3.ome.tiff - czi_to_mip","Left: VISC",Left,"VISC",false,0.675543,2338,3460.920
2026-07-09T14:04:29,sigma2.5_nPeak2_prom500_min20.0_max250.0_exp5.0,"M3_20x_MIP_Z1-3.ome.tiff - czi_to_mip","Right: ECT2/3",Right,"ECT2/3",true,0.002165,6,2771.155
2026-07-09T14:04:29,sigma2.5_nPeak2_prom500_min20.0_max250.0_exp5.0,"M3_20x_MIP_Z1-3.ome.tiff - czi_to_mip","Left: RSPv1",Left,"RSPv1",true,0.103073,154,1494.093
2026-07-09T14:04:29,sigma2.5_nPeak2_prom500_min20.0_max250.0_exp5.0,"M3_20x_MIP_Z1-3.ome.tiff - czi_to_mip","Left: SSp-tr2/3",Left,"SSp-tr2/3",true,0.233935,1136,4856.051
2026-07-09T14:04:29,sigma2.5_nPeak2_prom500_min20.0_max250.0_exp5.0,"M3_20x_MIP_Z1-3.ome.tiff - czi_to_mip","Left: LHA",Left,"LHA",true,0.491149,1629,3316.712
2026-07-09T14:04:29,sigma2.5_nPeak2_prom500_min20.0_max250.0_exp5.0,"M3_20x_MIP_Z1-3.ome.tiff - czi_to_mip","Right: em",Right,"em",true,0.045793,202,4411.158
2026-07-09T14:04:29,sigma2.5_nPeak2_prom500_min20.0_max250.0_exp5.0,"M3_20x_MIP_Z1-3.ome.tiff - czi_to_mip","Left: IMD",Left,"IMD",true,0.080732,301,3728.372
2026-07-09T14:04:29,sigma2.5_nPeak2_prom500_min20.0_max250.0_exp5.0,"M3_20x_MIP_Z1-3.ome.tiff - czi_to_mip","Left: VISa2/3",Left,"VISa2/3",true,0.097342,508,5218.725
2026-07-09T14:04:29,sigma2.5_nPeak2_prom500_min20.0_max250.0_exp5.0,"M3_20x_MIP_Z1-3.ome.tiff - czi_to_mip","Left: PAL",Left,"PAL",false,0.851750,3106,3646.611
2026-07-09T14:04:29,sigma2.5_nPeak2_prom500_min20.0_max250.0_exp5.0,"M3_20x_MIP_Z1-3.ome.tiff - czi_to_mip","Left: RSPd6b",Left,"RSPd6b",true,0.006960,37,5316.066
2026-07-09T14:04:29,sigma2.5_nPeak2_prom500_min20.0_max250.0_exp5.0,"M3_20x_MIP_Z1-3.ome.tiff - czi_to_mip","Left: VISC6a",Left,"VISC6a",true,0.147009,599,4074.571
2026-07-09T14:04:29,sigma2.5_nPeak2_prom500_min20.0_max250.0_exp5.0,"M3_20x_MIP_Z1-3.ome.tiff - czi_to_mip","Right: Xi",Right,"Xi",true,0.044466,165,3710.727
2026-07-09T14:04:29,sigma2.5_nPeak2_prom500_min20.0_max250.0_exp5.0,"M3_20x_MIP_Z1-3.ome.tiff - czi_to_mip","Left: hc",Left,"hc",false,0.040164,193,4805.259
2026-07-09T14:04:29,sigma2.5_nPeak2_prom500_min20.0_max250.0_exp5.0,"M3_20x_MIP_Z1-3.ome.tiff - czi_to_mip","Left: EP",Left,"EP",false,0.360705,1261,3495.935
2026-07-09T14:04:29,sigma2.5_nPeak2_prom500_min20.0_max250.0_exp5.0,"M3_20x_MIP_Z1-3.ome.tiff - czi_to_mip","Left: RSPagl1",Left,"RSPagl1",true,0.041006,153,3731.186
2026-07-09T14:04:29,sigma2.5_nPeak2_prom500_min20.0_max250.0_exp5.0,"M3_20x_MIP_Z1-3.ome.tiff - czi_to_mip","Left: RSPv",Left,"RSPv",false,0.525208,2118,4032.687
2026-07-09T14:04:29,sigma2.5_nPeak2_prom500_min20.0_max250.0_exp5.0,"M3_20x_MIP_Z1-3.ome.tiff - czi_to_mip","Left: nst",Left,"nst",false,0.025224,92,3647.271
2026-07-09T14:04:29,sigma2.5_nPeak2_prom500_min20.0_max250.0_exp5.0,"M3_20x_MIP_Z1-3.ome.tiff - czi_to_mip","Left: SSp-bfd",Left,"SSp-bfd",false,2.227281,9935,4460.595
2026-07-09T14:04:29,sigma2.5_nPeak2_prom500_min20.0_max250.0_exp5.0,"M3_20x_MIP_Z1-3.ome.tiff - czi_to_mip","Left: PeF",Left,"PeF",true,0.162154,571,3521.351
2026-07-09T14:04:29,sigma2.5_nPeak2_prom500_min20.0_max250.0_exp5.0,"M3_20x_MIP_Z1-3.ome.tiff - czi_to_mip","Right: AUDd4",Right,"AUDd4",true,0.036519,164,4490.760
2026-07-09T14:04:29,sigma2.5_nPeak2_prom500_min20.0_max250.0_exp5.0,"M3_20x_MIP_Z1-3.ome.tiff - czi_to_mip","Right: ee",Right,"ee",true,0.023325,65,2786.687
2026-07-09T14:04:29,sigma2.5_nPeak2_prom500_min20.0_max250.0_exp5.0,"M3_20x_MIP_Z1-3.ome.tiff - czi_to_mip","Right: COAa",Right,"COAa",false,0.328246,1241,3780.701
2026-07-09T14:04:29,sigma2.5_nPeak2_prom500_min20.0_max250.0_exp5.0,"M3_20x_MIP_Z1-3.ome.tiff - czi_to_mip","Left: TH",Left,"TH",false,4.933735,19218,3895.223
2026-07-09T14:04:29,sigma2.5_nPeak2_prom500_min20.0_max250.0_exp5.0,"M3_20x_MIP_Z1-3.ome.tiff - czi_to_mip","Right: cing",Right,"cing",true,0.167414,819,4892.070
2026-07-09T14:04:29,sigma2.5_nPeak2_prom500_min20.0_max250.0_exp5.0,"M3_20x_MIP_Z1-3.ome.tiff - czi_to_mip","Left: CEAl",Left,"CEAl",true,0.124441,519,4170.654
2026-07-09T14:04:29,sigma2.5_nPeak2_prom500_min20.0_max250.0_exp5.0,"M3_20x_MIP_Z1-3.ome.tiff - czi_to_mip","Left: hbc",Left,"hbc",true,0.011111,24,2160.003
2026-07-09T14:04:29,sigma2.5_nPeak2_prom500_min20.0_max250.0_exp5.0,"M3_20x_MIP_Z1-3.ome.tiff - czi_to_mip","Left: mfsbshy",Left,"mfsbshy",false,0.102672,345,3360.199
2026-07-09T14:04:29,sigma2.5_nPeak2_prom500_min20.0_max250.0_exp5.0,"M3_20x_MIP_Z1-3.ome.tiff - czi_to_mip","Right: LGd-co",Right,"LGd-co",false,0.052663,218,4139.524
2026-07-09T14:04:29,sigma2.5_nPeak2_prom500_min20.0_max250.0_exp5.0,"M3_20x_MIP_Z1-3.ome.tiff - czi_to_mip","Left: VMH",Left,"VMH",true,0.215852,777,3599.691
2026-07-09T14:04:29,sigma2.5_nPeak2_prom500_min20.0_max250.0_exp5.0,"M3_20x_MIP_Z1-3.ome.tiff - czi_to_mip","Right: PAL",Right,"PAL",false,0.714936,2513,3514.998
2026-07-09T14:04:29,sigma2.5_nPeak2_prom500_min20.0_max250.0_exp5.0,"M3_20x_MIP_Z1-3.ome.tiff - czi_to_mip","Left: ee",Left,"ee",true,0.016124,55,3411.015
2026-07-09T14:04:29,sigma2.5_nPeak2_prom500_min20.0_max250.0_exp5.0,"M3_20x_MIP_Z1-3.ome.tiff - czi_to_mip","Right: SMT",Right,"SMT",true,0.302838,1084,3579.472
2026-07-09T14:04:29,sigma2.5_nPeak2_prom500_min20.0_max250.0_exp5.0,"M3_20x_MIP_Z1-3.ome.tiff - czi_to_mip","Right: LGd",Right,"LGd",false,0.052663,218,4139.524
2026-07-09T14:04:29,sigma2.5_nPeak2_prom500_min20.0_max250.0_exp5.0,"M3_20x_MIP_Z1-3.ome.tiff - czi_to_mip","Right: fa",Right,"fa",false,0.058482,225,3847.335
2026-07-09T14:04:29,sigma2.5_nPeak2_prom500_min20.0_max250.0_exp5.0,"M3_20x_MIP_Z1-3.ome.tiff - czi_to_mip","Right: LHA",Right,"LHA",true,0.418624,1213,2897.587
2026-07-09T14:04:29,sigma2.5_nPeak2_prom500_min20.0_max250.0_exp5.0,"M3_20x_MIP_Z1-3.ome.tiff - czi_to_mip","Right: AUDv1",Right,"AUDv1",true,0.096537,242,2506.819
2026-07-09T14:04:29,sigma2.5_nPeak2_prom500_min20.0_max250.0_exp5.0,"M3_20x_MIP_Z1-3.ome.tiff - czi_to_mip","Right: AIp5",Right,"AIp5",true,0.183240,545,2974.246
2026-07-09T14:04:29,sigma2.5_nPeak2_prom500_min20.0_max250.0_exp5.0,"M3_20x_MIP_Z1-3.ome.tiff - czi_to_mip","Left: NLOT3",Left,"NLOT3",true,0.001033,5,4841.163
2026-07-09T14:04:29,sigma2.5_nPeak2_prom500_min20.0_max250.0_exp5.0,"M3_20x_MIP_Z1-3.ome.tiff - czi_to_mip","Left: fiber tracts",Left,"fiber tracts",false,2.708247,10993,4059.083
2026-07-09T14:04:29,sigma2.5_nPeak2_prom500_min20.0_max250.0_exp5.0,"M3_20x_MIP_Z1-3.ome.tiff - czi_to_mip","Right: PVHd",Right,"PVHd",true,0.251809,1031,4094.377
2026-07-09T14:04:29,sigma2.5_nPeak2_prom500_min20.0_max250.0_exp5.0,"M3_20x_MIP_Z1-3.ome.tiff - czi_to_mip","Left: RSPagl2/3",Left,"RSPagl2/3",true,0.071932,349,4851.797
2026-07-09T14:04:29,sigma2.5_nPeak2_prom500_min20.0_max250.0_exp5.0,"M3_20x_MIP_Z1-3.ome.tiff - czi_to_mip","Left: SSp-ul6b",Left,"SSp-ul6b",true,0.011334,54,4764.409
2026-07-09T14:04:29,sigma2.5_nPeak2_prom500_min20.0_max250.0_exp5.0,"M3_20x_MIP_Z1-3.ome.tiff - czi_to_mip","Right: LH",Right,"LH",true,0.151067,696,4607.227
2026-07-09T14:04:29,sigma2.5_nPeak2_prom500_min20.0_max250.0_exp5.0,"M3_20x_MIP_Z1-3.ome.tiff - czi_to_mip","Right: MH",Right,"MH",true,0.125153,581,4642.316
2026-07-09T14:04:29,sigma2.5_nPeak2_prom500_min20.0_max250.0_exp5.0,"M3_20x_MIP_Z1-3.ome.tiff - czi_to_mip","Left: NLOT",Left,"NLOT",false,0.017988,95,5281.239
2026-07-09T14:04:29,sigma2.5_nPeak2_prom500_min20.0_max250.0_exp5.0,"M3_20x_MIP_Z1-3.ome.tiff - czi_to_mip","Left: BMA",Left,"BMA",true,0.286367,1121,3914.553
2026-07-09T14:04:29,sigma2.5_nPeak2_prom500_min20.0_max250.0_exp5.0,"M3_20x_MIP_Z1-3.ome.tiff - czi_to_mip","Right: CEAl",Right,"CEAl",true,0.100695,414,4111.411
2026-07-09T14:04:29,sigma2.5_nPeak2_prom500_min20.0_max250.0_exp5.0,"M3_20x_MIP_Z1-3.ome.tiff - czi_to_mip","Right: VS",Right,"VS",false,0.299483,606,2023.486
2026-07-09T14:04:29,sigma2.5_nPeak2_prom500_min20.0_max250.0_exp5.0,"M3_20x_MIP_Z1-3.ome.tiff - czi_to_mip","Right: AUDd1",Right,"AUDd1",true,0.095560,288,3013.825
2026-07-09T14:04:29,sigma2.5_nPeak2_prom500_min20.0_max250.0_exp5.0,"M3_20x_MIP_Z1-3.ome.tiff - czi_to_mip","Right: sAMY",Right,"sAMY",false,1.165675,4446,3814.100
2026-07-09T14:04:29,sigma2.5_nPeak2_prom500_min20.0_max250.0_exp5.0,"M3_20x_MIP_Z1-3.ome.tiff - czi_to_mip","Left: mtt",Left,"mtt",false,0.046190,158,3420.665
2026-07-09T14:04:29,sigma2.5_nPeak2_prom500_min20.0_max250.0_exp5.0,"M3_20x_MIP_Z1-3.ome.tiff - czi_to_mip","Right: RSPd5",Right,"RSPd5",true,0.165315,804,4863.434
2026-07-09T14:04:29,sigma2.5_nPeak2_prom500_min20.0_max250.0_exp5.0,"M3_20x_MIP_Z1-3.ome.tiff - czi_to_mip","Left: CEAm",Left,"CEAm",true,0.335344,1223,3646.999
2026-07-09T14:04:29,sigma2.5_nPeak2_prom500_min20.0_max250.0_exp5.0,"M3_20x_MIP_Z1-3.ome.tiff - czi_to_mip","Right: SSs1",Right,"SSs1",true,0.097411,315,3233.707
2026-07-09T14:04:29,sigma2.5_nPeak2_prom500_min20.0_max250.0_exp5.0,"M3_20x_MIP_Z1-3.ome.tiff - czi_to_mip","Left: Isocortex",Left,"Isocortex",false,8.035474,33782,4204.108
2026-07-09T14:04:29,sigma2.5_nPeak2_prom500_min20.0_max250.0_exp5.0,"M3_20x_MIP_Z1-3.ome.tiff - czi_to_mip","Left: fx",Left,"fx",true,0.021021,74,3520.302
2026-07-09T14:04:29,sigma2.5_nPeak2_prom500_min20.0_max250.0_exp5.0,"M3_20x_MIP_Z1-3.ome.tiff - czi_to_mip","Right: RSP",Right,"RSP",false,1.335956,5615,4202.983
2026-07-09T14:04:29,sigma2.5_nPeak2_prom500_min20.0_max250.0_exp5.0,"M3_20x_MIP_Z1-3.ome.tiff - czi_to_mip","Left: DG-sg",Left,"DG-sg",true,0.168732,718,4255.272
2026-07-09T14:04:29,sigma2.5_nPeak2_prom500_min20.0_max250.0_exp5.0,"M3_20x_MIP_Z1-3.ome.tiff - czi_to_mip","Right: PCN",Right,"PCN",true,0.139755,568,4064.259
2026-07-09T14:04:29,sigma2.5_nPeak2_prom500_min20.0_max250.0_exp5.0,"M3_20x_MIP_Z1-3.ome.tiff - czi_to_mip","Right: VISa5",Right,"VISa5",true,0.217009,1073,4944.503
2026-07-09T14:04:29,sigma2.5_nPeak2_prom500_min20.0_max250.0_exp5.0,"M3_20x_MIP_Z1-3.ome.tiff - czi_to_mip","Left: scwm",Left,"scwm",true,0.233244,1026,4398.821
2026-07-09T14:04:29,sigma2.5_nPeak2_prom500_min20.0_max250.0_exp5.0,"M3_20x_MIP_Z1-3.ome.tiff - czi_to_mip","Right: PVi",Right,"PVi",true,0.121448,434,3573.558
2026-07-09T14:04:29,sigma2.5_nPeak2_prom500_min20.0_max250.0_exp5.0,"M3_20x_MIP_Z1-3.ome.tiff - czi_to_mip","Right: GENd",Right,"GENd",true,0.052663,218,4139.524
2026-07-09T14:04:29,sigma2.5_nPeak2_prom500_min20.0_max250.0_exp5.0,"M3_20x_MIP_Z1-3.ome.tiff - czi_to_mip","Left: VM",Left,"VM",true,0.344031,1196,3476.427
2026-07-09T14:04:29,sigma2.5_nPeak2_prom500_min20.0_max250.0_exp5.0,"M3_20x_MIP_Z1-3.ome.tiff - czi_to_mip","Right: VISa6b",Right,"VISa6b",true,0.004431,28,6318.790
2026-07-09T14:04:29,sigma2.5_nPeak2_prom500_min20.0_max250.0_exp5.0,"M3_20x_MIP_Z1-3.ome.tiff - czi_to_mip","Left: SSp-un5",Left,"SSp-un5",true,0.044829,195,4349.830
2026-07-09T14:04:29,sigma2.5_nPeak2_prom500_min20.0_max250.0_exp5.0,"M3_20x_MIP_Z1-3.ome.tiff - czi_to_mip","Right: SSs",Right,"SSs",false,1.519624,6091,4008.229
2026-07-09T14:04:29,sigma2.5_nPeak2_prom500_min20.0_max250.0_exp5.0,"M3_20x_MIP_Z1-3.ome.tiff - czi_to_mip","Left: BA",Left,"BA",true,0.060567,176,2905.871
2026-07-09T14:04:29,sigma2.5_nPeak2_prom500_min20.0_max250.0_exp5.0,"M3_20x_MIP_Z1-3.ome.tiff - czi_to_mip","Left: EPv",Left,"EPv",true,0.201939,688,3406.966
2026-07-09T14:04:29,sigma2.5_nPeak2_prom500_min20.0_max250.0_exp5.0,"M3_20x_MIP_Z1-3.ome.tiff - czi_to_mip","Left: SSp",Left,"SSp",false,3.320538,15046,4531.193
2026-07-09T14:04:29,sigma2.5_nPeak2_prom500_min20.0_max250.0_exp5.0,"M3_20x_MIP_Z1-3.ome.tiff - czi_to_mip","Left: LD",Left,"LD",false,0.635558,2529,3979.184
2026-07-09T14:04:29,sigma2.5_nPeak2_prom500_min20.0_max250.0_exp5.0,"M3_20x_MIP_Z1-3.ome.tiff - czi_to_mip","Left: PVi",Left,"PVi",true,0.125375,471,3756.742
2026-07-09T14:04:29,sigma2.5_nPeak2_prom500_min20.0_max250.0_exp5.0,"M3_20x_MIP_Z1-3.ome.tiff - czi_to_mip","Right: AIp",Right,"AIp",false,0.566127,1662,2935.736
2026-07-09T14:04:29,sigma2.5_nPeak2_prom500_min20.0_max250.0_exp5.0,"M3_20x_MIP_Z1-3.ome.tiff - czi_to_mip","Right: OLF",Right,"OLF",false,1.899253,5883,3097.533
2026-07-09T14:04:29,sigma2.5_nPeak2_prom500_min20.0_max250.0_exp5.0,"M3_20x_MIP_Z1-3.ome.tiff - czi_to_mip","Left: CEA",Left,"CEA",false,0.653685,2454,3754.099
2026-07-09T14:04:29,sigma2.5_nPeak2_prom500_min20.0_max250.0_exp5.0,"M3_20x_MIP_Z1-3.ome.tiff - czi_to_mip","Right: BLA",Right,"BLA",true,0.413966,1374,3319.115
2026-07-09T14:04:29,sigma2.5_nPeak2_prom500_min20.0_max250.0_exp5.0,"M3_20x_MIP_Z1-3.ome.tiff - czi_to_mip","Right: cst",Right,"cst",false,0.533487,1982,3715.179
2026-07-09T14:04:29,sigma2.5_nPeak2_prom500_min20.0_max250.0_exp5.0,"M3_20x_MIP_Z1-3.ome.tiff - czi_to_mip","Left: DORsm",Left,"DORsm",false,1.459415,5486,3759.040
2026-07-09T14:04:29,sigma2.5_nPeak2_prom500_min20.0_max250.0_exp5.0,"M3_20x_MIP_Z1-3.ome.tiff - czi_to_mip","Left: fi",Left,"fi",true,0.282623,1107,3916.873
2026-07-09T14:04:29,sigma2.5_nPeak2_prom500_min20.0_max250.0_exp5.0,"M3_20x_MIP_Z1-3.ome.tiff - czi_to_mip","Left: Xi",Left,"Xi",true,0.044477,169,3799.707
2026-07-09T14:04:29,sigma2.5_nPeak2_prom500_min20.0_max250.0_exp5.0,"M3_20x_MIP_Z1-3.ome.tiff - czi_to_mip","Left: SSp-ll6b",Left,"SSp-ll6b",true,0.003027,14,4624.872
2026-07-09T14:04:29,sigma2.5_nPeak2_prom500_min20.0_max250.0_exp5.0,"M3_20x_MIP_Z1-3.ome.tiff - czi_to_mip","Right: RSPagl1",Right,"RSPagl1",true,0.044430,113,2543.315
2026-07-09T14:04:29,sigma2.5_nPeak2_prom500_min20.0_max250.0_exp5.0,"M3_20x_MIP_Z1-3.ome.tiff - czi_to_mip","Left: mfbsma",Left,"mfbsma",true,0.046190,158,3420.665
2026-07-09T14:04:29,sigma2.5_nPeak2_prom500_min20.0_max250.0_exp5.0,"M3_20x_MIP_Z1-3.ome.tiff - czi_to_mip","Left: RE",Left,"RE",true,0.126968,466,3670.217
2026-07-09T14:04:29,sigma2.5_nPeak2_prom500_min20.0_max250.0_exp5.0,"M3_20x_MIP_Z1-3.ome.tiff - czi_to_mip","Left: mfbs",Left,"mfbs",false,0.862499,3635,4214.498
2026-07-09T14:04:29,sigma2.5_nPeak2_prom500_min20.0_max250.0_exp5.0,"M3_20x_MIP_Z1-3.ome.tiff - czi_to_mip","Right: VM",Right,"VM",true,0.354618,1215,3426.220
2026-07-09T14:04:29,sigma2.5_nPeak2_prom500_min20.0_max250.0_exp5.0,"M3_20x_MIP_Z1-3.ome.tiff - czi_to_mip","Left: PIR",Left,"PIR",true,1.279366,3971,3103.882
2026-07-09T14:04:29,sigma2.5_nPeak2_prom500_min20.0_max250.0_exp5.0,"M3_20x_MIP_Z1-3.ome.tiff - czi_to_mip","Left: SSp-bfd4",Left,"SSp-bfd4",true,0.442375,2267,5124.606
2026-07-09T14:04:29,sigma2.5_nPeak2_prom500_min20.0_max250.0_exp5.0,"M3_20x_MIP_Z1-3.ome.tiff - czi_to_mip","Left: SSp-bfd6a",Left,"SSp-bfd6a",true,0.554181,2448,4417.328
2026-07-09T14:04:29,sigma2.5_nPeak2_prom500_min20.0_max250.0_exp5.0,"M3_20x_MIP_Z1-3.ome.tiff - czi_to_mip","Right: AUD",Right,"AUD",false,0.610865,2198,3598.177
2026-07-09T14:04:29,sigma2.5_nPeak2_prom500_min20.0_max250.0_exp5.0,"M3_20x_MIP_Z1-3.ome.tiff - czi_to_mip","Right: RH",Right,"RH",true,0.063457,255,4018.438
2026-07-09T14:04:29,sigma2.5_nPeak2_prom500_min20.0_max250.0_exp5.0,"M3_20x_MIP_Z1-3.ome.tiff - czi_to_mip","Right: BS",Right,"BS",false,7.658946,28903,3773.757
2026-07-09T14:04:29,sigma2.5_nPeak2_prom500_min20.0_max250.0_exp5.0,"M3_20x_MIP_Z1-3.ome.tiff - czi_to_mip","Left: RSPd1",Left,"RSPd1",true,0.087966,284,3228.523
2026-07-09T14:04:29,sigma2.5_nPeak2_prom500_min20.0_max250.0_exp5.0,"M3_20x_MIP_Z1-3.ome.tiff - czi_to_mip","Left: AIp6b",Left,"AIp6b",true,0.003980,16,4020.304
2026-07-09T14:04:29,sigma2.5_nPeak2_prom500_min20.0_max250.0_exp5.0,"M3_20x_MIP_Z1-3.ome.tiff - czi_to_mip","Right: LZ",Right,"LZ",false,0.999129,3381,3383.948
2026-07-09T14:04:29,sigma2.5_nPeak2_prom500_min20.0_max250.0_exp5.0,"M3_20x_MIP_Z1-3.ome.tiff - czi_to_mip","Left: SSs6a",Left,"SSs6a",true,0.418300,1802,4307.913
2026-07-09T14:04:29,sigma2.5_nPeak2_prom500_min20.0_max250.0_exp5.0,"M3_20x_MIP_Z1-3.ome.tiff - czi_to_mip","Left: epsc",Left,"epsc",false,0.025224,92,3647.271
2026-07-09T14:04:29,sigma2.5_nPeak2_prom500_min20.0_max250.0_exp5.0,"M3_20x_MIP_Z1-3.ome.tiff - czi_to_mip","Left: cc",Left,"cc",false,0.709598,3251,4581.468
2026-07-09T14:04:29,sigma2.5_nPeak2_prom500_min20.0_max250.0_exp5.0,"M3_20x_MIP_Z1-3.ome.tiff - czi_to_mip","Right: SS",Right,"SS",false,3.610396,15415,4269.615
2026-07-09T14:04:29,sigma2.5_nPeak2_prom500_min20.0_max250.0_exp5.0,"M3_20x_MIP_Z1-3.ome.tiff - czi_to_mip","Left: SSs6b",Left,"SSs6b",true,0.042525,172,4044.715
2026-07-09T14:04:29,sigma2.5_nPeak2_prom500_min20.0_max250.0_exp5.0,"M3_20x_MIP_Z1-3.ome.tiff - czi_to_mip","Right: PAA",Right,"PAA",true,0.297352,845,2841.749
2026-07-09T14:04:29,sigma2.5_nPeak2_prom500_min20.0_max250.0_exp5.0,"M3_20x_MIP_Z1-3.ome.tiff - czi_to_mip","Left: cing",Left,"cing",true,0.161586,799,4944.736
2026-07-09T14:04:29,sigma2.5_nPeak2_prom500_min20.0_max250.0_exp5.0,"M3_20x_MIP_Z1-3.ome.tiff - czi_to_mip","Left: LAT",Left,"LAT",false,0.276311,1037,3753.011
2026-07-09T14:04:29,sigma2.5_nPeak2_prom500_min20.0_max250.0_exp5.0,"M3_20x_MIP_Z1-3.ome.tiff - czi_to_mip","Left: AI",Left,"AI",false,0.571302,1813,3173.453
2026-07-09T14:04:29,sigma2.5_nPeak2_prom500_min20.0_max250.0_exp5.0,"M3_20x_MIP_Z1-3.ome.tiff - czi_to_mip","Right: RSPv6a",Right,"RSPv6a",true,0.069094,309,4472.146
2026-07-09T14:04:29,sigma2.5_nPeak2_prom500_min20.0_max250.0_exp5.0,"M3_20x_MIP_Z1-3.ome.tiff - czi_to_mip","Left: ARH",Left,"ARH",true,0.076753,171,2227.928
2026-07-09T14:04:29,sigma2.5_nPeak2_prom500_min20.0_max250.0_exp5.0,"M3_20x_MIP_Z1-3.ome.tiff - czi_to_mip","Left: SSp-tr4",Left,"SSp-tr4",true,0.116208,599,5154.573
2026-07-09T14:04:29,sigma2.5_nPeak2_prom500_min20.0_max250.0_exp5.0,"M3_20x_MIP_Z1-3.ome.tiff - czi_to_mip","Left: CM",Left,"CM",true,0.124057,552,4449.567
2026-07-09T14:04:29,sigma2.5_nPeak2_prom500_min20.0_max250.0_exp5.0,"M3_20x_MIP_Z1-3.ome.tiff - czi_to_mip","Right: CA2",Right,"CA2",true,0.069990,263,3757.683
2026-07-09T14:04:29,sigma2.5_nPeak2_prom500_min20.0_max250.0_exp5.0,"M3_20x_MIP_Z1-3.ome.tiff - czi_to_mip","Left: DG",Left,"DG",false,0.655825,2160,3293.562
2026-07-09T14:04:29,sigma2.5_nPeak2_prom500_min20.0_max250.0_exp5.0,"M3_20x_MIP_Z1-3.ome.tiff - czi_to_mip","Left: lfbst",Left,"lfbst",false,0.036917,149,4036.035
2026-07-09T14:04:29,sigma2.5_nPeak2_prom500_min20.0_max250.0_exp5.0,"M3_20x_MIP_Z1-3.ome.tiff - czi_to_mip","Left: VPL",Left,"VPL",true,0.307793,1318,4282.104
2026-07-09T14:04:29,sigma2.5_nPeak2_prom500_min20.0_max250.0_exp5.0,"M3_20x_MIP_Z1-3.ome.tiff - czi_to_mip","Left: CNU",Left,"CNU",false,4.173529,16157,3871.304
2026-07-09T14:04:29,sigma2.5_nPeak2_prom500_min20.0_max250.0_exp5.0,"M3_20x_MIP_Z1-3.ome.tiff - czi_to_mip","Left: AIp5",Left,"AIp5",true,0.164502,498,3027.311
2026-07-09T14:04:29,sigma2.5_nPeak2_prom500_min20.0_max250.0_exp5.0,"M3_20x_MIP_Z1-3.ome.tiff - czi_to_mip","Right: epsc",Right,"epsc",false,0.027741,103,3712.952
2026-07-09T14:04:29,sigma2.5_nPeak2_prom500_min20.0_max250.0_exp5.0,"M3_20x_MIP_Z1-3.ome.tiff - czi_to_mip","Left: VISa6a",Left,"VISa6a",true,0.000186,1,5390.008
2026-07-09T14:04:29,sigma2.5_nPeak2_prom500_min20.0_max250.0_exp5.0,"M3_20x_MIP_Z1-3.ome.tiff - czi_to_mip","Left: VENT",Left,"VENT",false,1.459415,5486,3759.040
2026-07-09T14:04:29,sigma2.5_nPeak2_prom500_min20.0_max250.0_exp5.0,"M3_20x_MIP_Z1-3.ome.tiff - czi_to_mip","Left: IB",Left,"IB",false,7.314056,28072,3838.089
2026-07-09T14:04:29,sigma2.5_nPeak2_prom500_min20.0_max250.0_exp5.0,"M3_20x_MIP_Z1-3.ome.tiff - czi_to_mip","Right: RSPd",Right,"RSPd",false,0.524122,2274,4338.684
2026-07-09T14:04:29,sigma2.5_nPeak2_prom500_min20.0_max250.0_exp5.0,"M3_20x_MIP_Z1-3.ome.tiff - czi_to_mip","Right: SSp-tr5",Right,"SSp-tr5",true,0.101425,488,4811.426
2026-07-09T14:04:29,sigma2.5_nPeak2_prom500_min20.0_max250.0_exp5.0,"M3_20x_MIP_Z1-3.ome.tiff - czi_to_mip","Left: HIP",Left,"HIP",false,2.181110,7386,3386.349
2026-07-09T14:04:29,sigma2.5_nPeak2_prom500_min20.0_max250.0_exp5.0,"M3_20x_MIP_Z1-3.ome.tiff - czi_to_mip","Right: RSPagl",Right,"RSPagl",false,0.291778,1310,4489.707
2026-07-09T14:04:29,sigma2.5_nPeak2_prom500_min20.0_max250.0_exp5.0,"M3_20x_MIP_Z1-3.ome.tiff - czi_to_mip","Right: HPF",Right,"HPF",false,2.608735,8255,3164.369
2026-07-09T14:04:29,sigma2.5_nPeak2_prom500_min20.0_max250.0_exp5.0,"M3_20x_MIP_Z1-3.ome.tiff - czi_to_mip","Right: TEa4",Right,"TEa4",true,0.000130,1,7698.310
2026-07-09T14:04:29,sigma2.5_nPeak2_prom500_min20.0_max250.0_exp5.0,"M3_20x_MIP_Z1-3.ome.tiff - czi_to_mip","Left: CA",Left,"CA",false,1.483332,5114,3447.643
2026-07-09T14:04:29,sigma2.5_nPeak2_prom500_min20.0_max250.0_exp5.0,"M3_20x_MIP_Z1-3.ome.tiff - czi_to_mip","Left: lfbs",Left,"lfbs",false,1.241464,5327,4290.903
2026-07-09T14:04:29,sigma2.5_nPeak2_prom500_min20.0_max250.0_exp5.0,"M3_20x_MIP_Z1-3.ome.tiff - czi_to_mip","Right: fxpo",Right,"fxpo",false,0.019596,63,3214.967
2026-07-09T14:04:29,sigma2.5_nPeak2_prom500_min20.0_max250.0_exp5.0,"M3_20x_MIP_Z1-3.ome.tiff - czi_to_mip","Left: CA2",Left,"CA2",true,0.059682,202,3384.622
2026-07-09T14:04:29,sigma2.5_nPeak2_prom500_min20.0_max250.0_exp5.0,"M3_20x_MIP_Z1-3.ome.tiff - czi_to_mip","Left: VPM",Left,"VPM",true,0.313684,1169,3726.676
2026-07-09T14:04:29,sigma2.5_nPeak2_prom500_min20.0_max250.0_exp5.0,"M3_20x_MIP_Z1-3.ome.tiff - czi_to_mip","Right: HIP",Right,"HIP",false,2.607491,8252,3164.728
2026-07-09T14:04:29,sigma2.5_nPeak2_prom500_min20.0_max250.0_exp5.0,"M3_20x_MIP_Z1-3.ome.tiff - czi_to_mip","Right: IMD",Right,"IMD",true,0.087704,318,3625.813
2026-07-09T14:04:29,sigma2.5_nPeak2_prom500_min20.0_max250.0_exp5.0,"M3_20x_MIP_Z1-3.ome.tiff - czi_to_mip","Left: ILM",Left,"ILM",false,0.511532,2140,4183.507
2026-07-09T14:04:29,sigma2.5_nPeak2_prom500_min20.0_max250.0_exp5.0,"M3_20x_MIP_Z1-3.ome.tiff - czi_to_mip","Left: int",Left,"int",false,0.494948,1927,3893.336
2026-07-09T14:04:29,sigma2.5_nPeak2_prom500_min20.0_max250.0_exp5.0,"M3_20x_MIP_Z1-3.ome.tiff - czi_to_mip","Right: sm",Right,"sm",true,0.027919,100,3581.759
2026-07-09T14:04:29,sigma2.5_nPeak2_prom500_min20.0_max250.0_exp5.0,"M3_20x_MIP_Z1-3.ome.tiff - czi_to_mip","Right: stc",Right,"stc",true,0.012717,42,3302.656
2026-07-09T14:04:29,sigma2.5_nPeak2_prom500_min20.0_max250.0_exp5.0,"M3_20x_MIP_Z1-3.ome.tiff - czi_to_mip","Right: VPL",Right,"VPL",true,0.267014,1057,3958.592
2026-07-09T14:04:29,sigma2.5_nPeak2_prom500_min20.0_max250.0_exp5.0,"M3_20x_MIP_Z1-3.ome.tiff - czi_to_mip","Left: chpl",Left,"chpl",true,0.115418,148,1282.300
2026-07-09T14:04:29,sigma2.5_nPeak2_prom500_min20.0_max250.0_exp5.0,"M3_20x_MIP_Z1-3.ome.tiff - czi_to_mip","Right: SSp-bfd",Right,"SSp-bfd",false,1.769416,7789,4402.017
2026-07-09T14:04:29,sigma2.5_nPeak2_prom500_min20.0_max250.0_exp5.0,"M3_20x_MIP_Z1-3.ome.tiff - czi_to_mip","Right: VISa2/3",Right,"VISa2/3",true,0.328034,1531,4667.192
2026-07-09T14:04:29,sigma2.5_nPeak2_prom500_min20.0_max250.0_exp5.0,"M3_20x_MIP_Z1-3.ome.tiff - czi_to_mip","Left: RSPagl5",Left,"RSPagl5",true,0.097972,461,4705.406
2026-07-09T14:04:29,sigma2.5_nPeak2_prom500_min20.0_max250.0_exp5.0,"M3_20x_MIP_Z1-3.ome.tiff - czi_to_mip","Left: V3",Left,"V3",true,0.076362,120,1571.457
2026-07-09T14:04:29,sigma2.5_nPeak2_prom500_min20.0_max250.0_exp5.0,"M3_20x_MIP_Z1-3.ome.tiff - czi_to_mip","Right: RSPv6b",Right,"RSPv6b",true,0.010723,56,5222.582
2026-07-09T14:04:29,sigma2.5_nPeak2_prom500_min20.0_max250.0_exp5.0,"M3_20x_MIP_Z1-3.ome.tiff - czi_to_mip","Right: GPe",Right,"GPe",true,0.197582,765,3871.801
2026-07-09T14:04:29,sigma2.5_nPeak2_prom500_min20.0_max250.0_exp5.0,"M3_20x_MIP_Z1-3.ome.tiff - czi_to_mip","Left: RT",Left,"RT",true,0.353703,1384,3912.886
2026-07-09T14:04:29,sigma2.5_nPeak2_prom500_min20.0_max250.0_exp5.0,"M3_20x_MIP_Z1-3.ome.tiff - czi_to_mip","Left: BS",Left,"BS",false,7.314056,28072,3838.089
2026-07-09T14:04:29,sigma2.5_nPeak2_prom500_min20.0_max250.0_exp5.0,"M3_20x_MIP_Z1-3.ome.tiff - czi_to_mip","Left: cst",Left,"cst",true,0.494948,1927,3893.336
2026-07-09T14:04:29,sigma2.5_nPeak2_prom500_min20.0_max250.0_exp5.0,"M3_20x_MIP_Z1-3.ome.tiff - czi_to_mip","Right: EPI",Right,"EPI",false,0.276220,1277,4623.125
2026-07-09T14:04:29,sigma2.5_nPeak2_prom500_min20.0_max250.0_exp5.0,"M3_20x_MIP_Z1-3.ome.tiff - czi_to_mip","Left: HY",Left,"HY",false,2.380321,8854,3719.667
2026-07-09T14:04:29,sigma2.5_nPeak2_prom500_min20.0_max250.0_exp5.0,"M3_20x_MIP_Z1-3.ome.tiff - czi_to_mip","Left: AIp1",Left,"AIp1",true,0.094992,207,2179.139
2026-07-09T14:04:29,sigma2.5_nPeak2_prom500_min20.0_max250.0_exp5.0,"M3_20x_MIP_Z1-3.ome.tiff - czi_to_mip","Left: VISC4",Left,"VISC4",true,0.037989,147,3869.495
2026-07-09T14:04:29,sigma2.5_nPeak2_prom500_min20.0_max250.0_exp5.0,"M3_20x_MIP_Z1-3.ome.tiff - czi_to_mip","Right: STRd",Right,"STRd",false,1.217365,4992,4100.659
2026-07-09T14:04:29,sigma2.5_nPeak2_prom500_min20.0_max250.0_exp5.0,"M3_20x_MIP_Z1-3.ome.tiff - czi_to_mip","Right: ccs",Right,"ccs",true,0.001397,6,4295.532
2026-07-09T14:04:29,sigma2.5_nPeak2_prom500_min20.0_max250.0_exp5.0,"M3_20x_MIP_Z1-3.ome.tiff - czi_to_mip","Right: SSp-tr6a",Right,"SSp-tr6a",true,0.163594,782,4780.139
2026-07-09T14:04:29,sigma2.5_nPeak2_prom500_min20.0_max250.0_exp5.0,"M3_20x_MIP_Z1-3.ome.tiff - czi_to_mip","Right: GENv",Right,"GENv",true,0.012165,45,3699.157
2026-07-09T14:04:29,sigma2.5_nPeak2_prom500_min20.0_max250.0_exp5.0,"M3_20x_MIP_Z1-3.ome.tiff - czi_to_mip","Left: RSP",Left,"RSP",false,1.363953,6018,4412.176
2026-07-09T14:04:29,sigma2.5_nPeak2_prom500_min20.0_max250.0_exp5.0,"M3_20x_MIP_Z1-3.ome.tiff - czi_to_mip","Right: CA",Right,"CA",false,1.817945,6080,3344.436
2026-07-09T14:04:29,sigma2.5_nPeak2_prom500_min20.0_max250.0_exp5.0,"M3_20x_MIP_Z1-3.ome.tiff - czi_to_mip","Right: PR",Right,"PR",true,0.077174,262,3394.943
2026-07-09T14:04:29,sigma2.5_nPeak2_prom500_min20.0_max250.0_exp5.0,"M3_20x_MIP_Z1-3.ome.tiff - czi_to_mip","Right: AIp2/3",Right,"AIp2/3",true,0.172372,576,3341.608
2026-07-09T14:04:29,sigma2.5_nPeak2_prom500_min20.0_max250.0_exp5.0,"M3_20x_MIP_Z1-3.ome.tiff - czi_to_mip","Right: CNU",Right,"CNU",false,3.316032,12798,3859.432
2026-07-09T14:04:29,sigma2.5_nPeak2_prom500_min20.0_max250.0_exp5.0,"M3_20x_MIP_Z1-3.ome.tiff - czi_to_mip","Right: AI",Right,"AI",false,0.566127,1662,2935.736
2026-07-09T14:04:29,sigma2.5_nPeak2_prom500_min20.0_max250.0_exp5.0,"M3_20x_MIP_Z1-3.ome.tiff - czi_to_mip","Left: fxs",Left,"fxs",false,0.502513,2089,4157.106
2026-07-09T14:04:29,sigma2.5_nPeak2_prom500_min20.0_max250.0_exp5.0,"M3_20x_MIP_Z1-3.ome.tiff - czi_to_mip","Right: VISC6a",Right,"VISC6a",true,0.229789,876,3812.201
2026-07-09T14:04:29,sigma2.5_nPeak2_prom500_min20.0_max250.0_exp5.0,"M3_20x_MIP_Z1-3.ome.tiff - czi_to_mip","Left: EPI",Left,"EPI",false,0.276884,1317,4756.507
2026-07-09T14:04:29,sigma2.5_nPeak2_prom500_min20.0_max250.0_exp5.0,"M3_20x_MIP_Z1-3.ome.tiff - czi_to_mip","Left: MD",Left,"MD",true,0.667457,2551,3821.968
2026-07-09T14:04:29,sigma2.5_nPeak2_prom500_min20.0_max250.0_exp5.0,"M3_20x_MIP_Z1-3.ome.tiff - czi_to_mip","Right: HY",Right,"HY",false,2.364942,8571,3624.191
2026-07-09T14:04:29,sigma2.5_nPeak2_prom500_min20.0_max250.0_exp5.0,"M3_20x_MIP_Z1-3.ome.tiff - czi_to_mip","Right: TH",Right,"TH",false,5.294004,20332,3840.571
2026-07-09T14:04:29,sigma2.5_nPeak2_prom500_min20.0_max250.0_exp5.0,"M3_20x_MIP_Z1-3.ome.tiff - czi_to_mip","Left: VAL",Left,"VAL",true,0.493907,1803,3650.487
2026-07-09T14:04:29,sigma2.5_nPeak2_prom500_min20.0_max250.0_exp5.0,"M3_20x_MIP_Z1-3.ome.tiff - czi_to_mip","Left: sup",Left,"sup",true,0.005204,22,4227.351
2026-07-09T14:04:29,sigma2.5_nPeak2_prom500_min20.0_max250.0_exp5.0,"M3_20x_MIP_Z1-3.ome.tiff - czi_to_mip","Right: ATN",Right,"ATN",true,0.507638,1899,3740.858
2026-07-09T14:04:29,sigma2.5_nPeak2_prom500_min20.0_max250.0_exp5.0,"M3_20x_MIP_Z1-3.ome.tiff - czi_to_mip","Left: GPi",Left,"GPi",true,0.287626,1032,3587.995
2026-07-09T14:04:29,sigma2.5_nPeak2_prom500_min20.0_max250.0_exp5.0,"M3_20x_MIP_Z1-3.ome.tiff - czi_to_mip","Left: HPF",Left,"HPF",false,2.185401,7394,3383.360
2026-07-09T14:04:29,sigma2.5_nPeak2_prom500_min20.0_max250.0_exp5.0,"M3_20x_MIP_Z1-3.ome.tiff - czi_to_mip","Left: BLA",Left,"BLA",true,0.169745,615,3623.075
2026-07-09T14:04:29,sigma2.5_nPeak2_prom500_min20.0_max250.0_exp5.0,"M3_20x_MIP_Z1-3.ome.tiff - czi_to_mip","Left: SSp-ll6a",Left,"SSp-ll6a",true,0.000704,7,9937.259
2026-07-09T14:04:29,sigma2.5_nPeak2_prom500_min20.0_max250.0_exp5.0,"M3_20x_MIP_Z1-3.ome.tiff - czi_to_mip","Left: VISC2/3",Left,"VISC2/3",true,0.163190,575,3523.492
2026-07-09T14:04:29,sigma2.5_nPeak2_prom500_min20.0_max250.0_exp5.0,"M3_20x_MIP_Z1-3.ome.tiff - czi_to_mip","Left: CEAc",Left,"CEAc",true,0.193900,712,3671.990
2026-07-09T14:04:29,sigma2.5_nPeak2_prom500_min20.0_max250.0_exp5.0,"M3_20x_MIP_Z1-3.ome.tiff - czi_to_mip","Right: PTLp",Right,"PTLp",false,0.914843,4146,4531.927
2026-07-09T14:04:29,sigma2.5_nPeak2_prom500_min20.0_max250.0_exp5.0,"M3_20x_MIP_Z1-3.ome.tiff - czi_to_mip","Right: MTN",Right,"MTN",false,0.241379,884,3662.285
2026-07-09T14:04:29,sigma2.5_nPeak2_prom500_min20.0_max250.0_exp5.0,"M3_20x_MIP_Z1-3.ome.tiff - czi_to_mip","Left: EPd",Left,"EPd",true,0.158765,573,3609.098
2026-07-09T14:04:29,sigma2.5_nPeak2_prom500_min20.0_max250.0_exp5.0,"M3_20x_MIP_Z1-3.ome.tiff - czi_to_mip","Right: CTXsp",Right,"CTXsp",false,1.289508,4547,3526.151
2026-07-09T14:04:29,sigma2.5_nPeak2_prom500_min20.0_max250.0_exp5.0,"M3_20x_MIP_Z1-3.ome.tiff - czi_to_mip","Left: dhc",Left,"dhc",true,0.040164,193,4805.259
2026-07-09T14:04:29,sigma2.5_nPeak2_prom500_min20.0_max250.0_exp5.0,"M3_20x_MIP_Z1-3.ome.tiff - czi_to_mip","Right: DG",Right,"DG",false,0.746644,2032,2721.511
2026-07-09T14:04:29,sigma2.5_nPeak2_prom500_min20.0_max250.0_exp5.0,"M3_20x_MIP_Z1-3.ome.tiff - czi_to_mip","Left: SSs4",Left,"SSs4",true,0.224895,1038,4615.489
2026-07-09T14:04:29,sigma2.5_nPeak2_prom500_min20.0_max250.0_exp5.0,"M3_20x_MIP_Z1-3.ome.tiff - czi_to_mip","Left: AIp6a",Left,"AIp6a",true,0.131480,451,3430.181
2026-07-09T14:04:29,sigma2.5_nPeak2_prom500_min20.0_max250.0_exp5.0,"M3_20x_MIP_Z1-3.ome.tiff - czi_to_mip","Right: VENT",Right,"VENT",false,1.643031,6270,3816.118
2026-07-09T14:04:29,sigma2.5_nPeak2_prom500_min20.0_max250.0_exp5.0,"M3_20x_MIP_Z1-3.ome.tiff - czi_to_mip","Right: PALd",Right,"PALd",false,0.452508,1636,3615.403
2026-07-09T14:04:29,sigma2.5_nPeak2_prom500_min20.0_max250.0_exp5.0,"M3_20x_MIP_Z1-3.ome.tiff - czi_to_mip","Right: VMH",Right,"VMH",true,0.260207,1020,3919.962
2026-07-09T14:04:29,sigma2.5_nPeak2_prom500_min20.0_max250.0_exp5.0,"M3_20x_MIP_Z1-3.ome.tiff - czi_to_mip","Left: sm",Left,"sm",true,0.033572,113,3365.884
2026-07-09T14:04:29,sigma2.5_nPeak2_prom500_min20.0_max250.0_exp5.0,"M3_20x_MIP_Z1-3.ome.tiff - czi_to_mip","Right: SSp-bfd4",Right,"SSp-bfd4",true,0.356486,1593,4468.613
2026-07-09T14:04:29,sigma2.5_nPeak2_prom500_min20.0_max250.0_exp5.0,"M3_20x_MIP_Z1-3.ome.tiff - czi_to_mip","Right: MD",Right,"MD",true,0.693308,2669,3849.658
2026-07-09T14:04:29,sigma2.5_nPeak2_prom500_min20.0_max250.0_exp5.0,"M3_20x_MIP_Z1-3.ome.tiff - czi_to_mip","Left: mfbc",Left,"mfbc",false,0.759826,3290,4329.936
2026-07-09T14:04:29,sigma2.5_nPeak2_prom500_min20.0_max250.0_exp5.0,"M3_20x_MIP_Z1-3.ome.tiff - czi_to_mip","Right: LAT",Right,"LAT",false,0.517803,1865,3601.755
2026-07-09T14:04:29,sigma2.5_nPeak2_prom500_min20.0_max250.0_exp5.0,"M3_20x_MIP_Z1-3.ome.tiff - czi_to_mip","Left: PAA",Left,"PAA",true,0.254014,795,3129.750
2026-07-09T14:04:29,sigma2.5_nPeak2_prom500_min20.0_max250.0_exp5.0,"M3_20x_MIP_Z1-3.ome.tiff - czi_to_mip","Right: CH",Right,"CH",false,17.175424,63855,3717.812
2026-07-09T14:04:29,sigma2.5_nPeak2_prom500_min20.0_max250.0_exp5.0,"M3_20x_MIP_Z1-3.ome.tiff - czi_to_mip","Right: SSp-bfd1",Right,"SSp-bfd1",true,0.189597,739,3897.731
2026-07-09T14:04:29,sigma2.5_nPeak2_prom500_min20.0_max250.0_exp5.0,"M3_20x_MIP_Z1-3.ome.tiff - czi_to_mip","Right: LGv",Right,"LGv",false,0.012165,45,3699.157
2026-07-09T14:04:29,sigma2.5_nPeak2_prom500_min20.0_max250.0_exp5.0,"M3_20x_MIP_Z1-3.ome.tiff - czi_to_mip","Right: Isocortex",Right,"Isocortex",false,8.061878,32372,4015.442
2026-07-09T14:04:29,sigma2.5_nPeak2_prom500_min20.0_max250.0_exp5.0,"M3_20x_MIP_Z1-3.ome.tiff - czi_to_mip","Right: CEAc",Right,"CEAc",true,0.088610,337,3803.199
2026-07-09T14:04:29,sigma2.5_nPeak2_prom500_min20.0_max250.0_exp5.0,"M3_20x_MIP_Z1-3.ome.tiff - czi_to_mip","Right: MEA",Right,"MEA",true,0.647733,2409,3719.127
2026-07-09T14:04:29,sigma2.5_nPeak2_prom500_min20.0_max250.0_exp5.0,"M3_20x_MIP_Z1-3.ome.tiff - czi_to_mip","Right: RSPv",Right,"RSPv",false,0.520055,2031,3905.354
2026-07-09T14:04:29,sigma2.5_nPeak2_prom500_min20.0_max250.0_exp5.0,"M3_20x_MIP_Z1-3.ome.tiff - czi_to_mip","Left: SSs",Left,"SSs",false,1.895777,7582,3999.415
2026-07-09T14:04:29,sigma2.5_nPeak2_prom500_min20.0_max250.0_exp5.0,"M3_20x_MIP_Z1-3.ome.tiff - czi_to_mip","Right: GPi",Right,"GPi",true,0.254926,871,3416.680
2026-07-09T14:04:29,sigma2.5_nPeak2_prom500_min20.0_max250.0_exp5.0,"M3_20x_MIP_Z1-3.ome.tiff - czi_to_mip","Left: RSPd6a",Left,"RSPd6a",true,0.126434,595,4706.000
2026-07-09T14:04:29,sigma2.5_nPeak2_prom500_min20.0_max250.0_exp5.0,"M3_20x_MIP_Z1-3.ome.tiff - czi_to_mip","Left: NLOT1",Left,"NLOT1",true,0.006205,34,5479.658
2026-07-09T14:04:29,sigma2.5_nPeak2_prom500_min20.0_max250.0_exp5.0,"M3_20x_MIP_Z1-3.ome.tiff - czi_to_mip","Left: RSPv5",Left,"RSPv5",true,0.200714,964,4802.861
2026-07-09T14:04:29,sigma2.5_nPeak2_prom500_min20.0_max250.0_exp5.0,"M3_20x_MIP_Z1-3.ome.tiff - czi_to_mip","Left: ccb",Left,"ccb",true,0.612927,2880,4698.766
2026-07-09T14:04:29,sigma2.5_nPeak2_prom500_min20.0_max250.0_exp5.0,"M3_20x_MIP_Z1-3.ome.tiff - czi_to_mip","Right: SSs6b",Right,"SSs6b",true,0.050724,203,4002.044
2026-07-09T14:04:29,sigma2.5_nPeak2_prom500_min20.0_max250.0_exp5.0,"M3_20x_MIP_Z1-3.ome.tiff - czi_to_mip","Right: ar",Right,"ar",true,0.069879,271,3878.124
2026-07-09T14:04:29,sigma2.5_nPeak2_prom500_min20.0_max250.0_exp5.0,"M3_20x_MIP_Z1-3.ome.tiff - czi_to_mip","Left: VL",Left,"VL",false,0.201527,308,1528.334
2026-07-09T14:04:29,sigma2.5_nPeak2_prom500_min20.0_max250.0_exp5.0,"M3_20x_MIP_Z1-3.ome.tiff - czi_to_mip","Right: RSPagl2/3",Right,"RSPagl2/3",true,0.070620,329,4658.719
2026-07-09T14:04:29,sigma2.5_nPeak2_prom500_min20.0_max250.0_exp5.0,"M3_20x_MIP_Z1-3.ome.tiff - czi_to_mip","Right: RE",Right,"RE",true,0.122838,437,3557.526
2026-07-09T14:04:29,sigma2.5_nPeak2_prom500_min20.0_max250.0_exp5.0,"M3_20x_MIP_Z1-3.ome.tiff - czi_to_mip","Left: eps",Left,"eps",true,0.025224,92,3647.271
2026-07-09T14:04:29,sigma2.5_nPeak2_prom500_min20.0_max250.0_exp5.0,"M3_20x_MIP_Z1-3.ome.tiff - czi_to_mip","Right: DORsm",Right,"DORsm",false,1.695694,6488,3826.162
2026-07-09T14:04:29,sigma2.5_nPeak2_prom500_min20.0_max250.0_exp5.0,"M3_20x_MIP_Z1-3.ome.tiff - czi_to_mip","Left: Eth",Left,"Eth",true,0.000105,1,9553.357
2026-07-09T14:04:29,sigma2.5_nPeak2_prom500_min20.0_max250.0_exp5.0,"M3_20x_MIP_Z1-3.ome.tiff - czi_to_mip","Right: ZI",Right,"ZI",true,0.241678,998,4129.463
2026-07-09T14:04:29,sigma2.5_nPeak2_prom500_min20.0_max250.0_exp5.0,"M3_20x_MIP_Z1-3.ome.tiff - czi_to_mip","Right: fr",Right,"fr",true,0.009427,40,4243.087
2026-07-09T14:04:29,sigma2.5_nPeak2_prom500_min20.0_max250.0_exp5.0,"M3_20x_MIP_Z1-3.ome.tiff - czi_to_mip","Left: VISa",Left,"VISa",false,0.208361,985,4727.371
2026-07-09T14:04:29,sigma2.5_nPeak2_prom500_min20.0_max250.0_exp5.0,"M3_20x_MIP_Z1-3.ome.tiff - czi_to_mip","Left: CLA",Left,"CLA",true,0.013117,52,3964.205
2026-07-09T14:04:29,sigma2.5_nPeak2_prom500_min20.0_max250.0_exp5.0,"M3_20x_MIP_Z1-3.ome.tiff - czi_to_mip","Left: ATN",Left,"ATN",true,0.635558,2529,3979.184
2026-07-09T14:04:29,sigma2.5_nPeak2_prom500_min20.0_max250.0_exp5.0,"M3_20x_MIP_Z1-3.ome.tiff - czi_to_mip","Left: SSp-un6b",Left,"SSp-un6b",true,0.007550,38,5033.040
2026-07-09T14:04:29,sigma2.5_nPeak2_prom500_min20.0_max250.0_exp5.0,"M3_20x_MIP_Z1-3.ome.tiff - czi_to_mip","Left: TU",Left,"TU",true,0.147526,564,3823.055
2026-07-09T14:04:29,sigma2.5_nPeak2_prom500_min20.0_max250.0_exp5.0,"M3_20x_MIP_Z1-3.ome.tiff - czi_to_mip","Left: SSp-ul5",Left,"SSp-ul5",true,0.001705,7,4104.743
2026-07-09T14:04:29,sigma2.5_nPeak2_prom500_min20.0_max250.0_exp5.0,"M3_20x_MIP_Z1-3.ome.tiff - czi_to_mip","Right: fiber tracts",Right,"fiber tracts",false,3.086638,12157,3938.590
2026-07-09T14:04:29,sigma2.5_nPeak2_prom500_min20.0_max250.0_exp5.0,"M3_20x_MIP_Z1-3.ome.tiff - czi_to_mip","Right: VISC",Right,"VISC",false,0.805946,2882,3575.923
2026-07-09T14:04:29,sigma2.5_nPeak2_prom500_min20.0_max250.0_exp5.0,"M3_20x_MIP_Z1-3.ome.tiff - czi_to_mip","Right: VISC1",Right,"VISC1",true,0.025817,34,1316.970
2026-07-09T14:04:29,sigma2.5_nPeak2_prom500_min20.0_max250.0_exp5.0,"M3_20x_MIP_Z1-3.ome.tiff - czi_to_mip","Left: SSp-tr6b",Left,"SSp-tr6b",true,0.025466,92,3612.641
2026-07-09T14:04:29,sigma2.5_nPeak2_prom500_min20.0_max250.0_exp5.0,"M3_20x_MIP_Z1-3.ome.tiff - czi_to_mip","Right: SSs2/3",Right,"SSs2/3",true,0.231708,953,4112.927
2026-07-09T14:04:29,sigma2.5_nPeak2_prom500_min20.0_max250.0_exp5.0,"M3_20x_MIP_Z1-3.ome.tiff - czi_to_mip","Right: fi",Right,"fi",true,0.239526,1124,4692.601
2026-07-09T14:04:29,sigma2.5_nPeak2_prom500_min20.0_max250.0_exp5.0,"M3_20x_MIP_Z1-3.ome.tiff - czi_to_mip","Right: EP",Right,"EP",false,0.333875,1035,3099.961
2026-07-09T14:04:29,sigma2.5_nPeak2_prom500_min20.0_max250.0_exp5.0,"M3_20x_MIP_Z1-3.ome.tiff - czi_to_mip","Left: grey",Left,"grey",true,24.599842,95383,3877.383
2026-07-09T14:04:29,sigma2.5_nPeak2_prom500_min20.0_max250.0_exp5.0,"M3_20x_MIP_Z1-3.ome.tiff - czi_to_mip","Right: TEa2/3",Right,"TEa2/3",true,0.097671,310,3173.908
2026-07-09T14:04:29,sigma2.5_nPeak2_prom500_min20.0_max250.0_exp5.0,"M3_20x_MIP_Z1-3.ome.tiff - czi_to_mip","Right: IB",Right,"IB",false,7.658946,28903,3773.757
2026-07-09T14:04:29,sigma2.5_nPeak2_prom500_min20.0_max250.0_exp5.0,"M3_20x_MIP_Z1-3.ome.tiff - czi_to_mip","Right: mfbsma",Right,"mfbsma",true,0.048419,157,3242.561
2026-07-09T14:04:29,sigma2.5_nPeak2_prom500_min20.0_max250.0_exp5.0,"M3_20x_MIP_Z1-3.ome.tiff - czi_to_mip","Left: AHN",Left,"AHN",true,0.176359,746,4230.001
2026-07-09T14:04:29,sigma2.5_nPeak2_prom500_min20.0_max250.0_exp5.0,"M3_20x_MIP_Z1-3.ome.tiff - czi_to_mip","Right: PO",Right,"PO",true,0.374560,1324,3534.818
2026-07-09T14:04:29,sigma2.5_nPeak2_prom500_min20.0_max250.0_exp5.0,"M3_20x_MIP_Z1-3.ome.tiff - czi_to_mip","Right: VISC5",Right,"VISC5",true,0.315489,1118,3543.702
2026-07-09T14:04:29,sigma2.5_nPeak2_prom500_min20.0_max250.0_exp5.0,"M3_20x_MIP_Z1-3.ome.tiff - czi_to_mip","Right: CL",Right,"CL",true,0.179011,663,3703.688
2026-07-09T14:04:29,sigma2.5_nPeak2_prom500_min20.0_max250.0_exp5.0,"M3_20x_MIP_Z1-3.ome.tiff - czi_to_mip","Left: SSs5",Left,"SSs5",true,0.468327,1932,4125.320
2026-07-09T14:04:29,sigma2.5_nPeak2_prom500_min20.0_max250.0_exp5.0,"M3_20x_MIP_Z1-3.ome.tiff - czi_to_mip","Left: SSp-tr5",Left,"SSp-tr5",true,0.250392,1198,4784.492
2026-07-09T14:04:29,sigma2.5_nPeak2_prom500_min20.0_max250.0_exp5.0,"M3_20x_MIP_Z1-3.ome.tiff - czi_to_mip","Left: SSp-ul6a",Left,"SSp-ul6a",true,0.051350,252,4907.512
2026-07-09T14:04:29,sigma2.5_nPeak2_prom500_min20.0_max250.0_exp5.0,"M3_20x_MIP_Z1-3.ome.tiff - czi_to_mip","Right: LA",Right,"LA",true,0.153227,552,3602.498
2026-07-09T14:04:29,sigma2.5_nPeak2_prom500_min20.0_max250.0_exp5.0,"M3_20x_MIP_Z1-3.ome.tiff - czi_to_mip","Right: RSPd6b",Right,"RSPd6b",true,0.008297,39,4700.397
2026-07-09T14:04:29,sigma2.5_nPeak2_prom500_min20.0_max250.0_exp5.0,"M3_20x_MIP_Z1-3.ome.tiff - czi_to_mip","Right: SSp-bfd6b",Right,"SSp-bfd6b",true,0.062986,266,4223.133
2026-07-09T14:04:29,sigma2.5_nPeak2_prom500_min20.0_max250.0_exp5.0,"M3_20x_MIP_Z1-3.ome.tiff - czi_to_mip","Left: PTLp",Left,"PTLp",false,0.208361,985,4727.371
2026-07-09T14:04:29,sigma2.5_nPeak2_prom500_min20.0_max250.0_exp5.0,"M3_20x_MIP_Z1-3.ome.tiff - czi_to_mip","Right: mtt",Right,"mtt",false,0.048419,157,3242.561
2026-07-09T14:04:29,sigma2.5_nPeak2_prom500_min20.0_max250.0_exp5.0,"M3_20x_MIP_Z1-3.ome.tiff - czi_to_mip","Left: NLOT2",Left,"NLOT2",true,0.010751,56,5208.999
2026-07-09T14:04:29,sigma2.5_nPeak2_prom500_min20.0_max250.0_exp5.0,"M3_20x_MIP_Z1-3.ome.tiff - czi_to_mip","Left: RSPagl6b",Left,"RSPagl6b",true,0.009041,36,3981.748
2026-07-09T14:04:29,sigma2.5_nPeak2_prom500_min20.0_max250.0_exp5.0,"M3_20x_MIP_Z1-3.ome.tiff - czi_to_mip","Left: SSp-bfd2/3",Left,"SSp-bfd2/3",true,0.480008,2208,4599.925
2026-07-09T14:04:29,sigma2.5_nPeak2_prom500_min20.0_max250.0_exp5.0,"M3_20x_MIP_Z1-3.ome.tiff - czi_to_mip","Right: RSPv5",Right,"RSPv5",true,0.195112,946,4848.509
2026-07-09T14:04:29,sigma2.5_nPeak2_prom500_min20.0_max250.0_exp5.0,"M3_20x_MIP_Z1-3.ome.tiff - czi_to_mip","Right: ECT1",Right,"ECT1",true,0.014876,10,672.234
2026-07-09T14:04:29,sigma2.5_nPeak2_prom500_min20.0_max250.0_exp5.0,"M3_20x_MIP_Z1-3.ome.tiff - czi_to_mip","Right: RT",Right,"RT",true,0.332284,1333,4011.630
2026-07-09T14:04:29,sigma2.5_nPeak2_prom500_min20.0_max250.0_exp5.0,"M3_20x_MIP_Z1-3.ome.tiff - czi_to_mip","Left: fa",Left,"fa",false,0.080547,316,3923.184
2026-07-09T14:04:29,sigma2.5_nPeak2_prom500_min20.0_max250.0_exp5.0,"M3_20x_MIP_Z1-3.ome.tiff - czi_to_mip","Right: DORpm",Right,"DORpm",false,3.560832,13690,3844.607
2026-07-09T14:04:29,sigma2.5_nPeak2_prom500_min20.0_max250.0_exp5.0,"M3_20x_MIP_Z1-3.ome.tiff - czi_to_mip","Right: RSPagl5",Right,"RSPagl5",true,0.096431,474,4915.426
2026-07-09T14:04:29,sigma2.5_nPeak2_prom500_min20.0_max250.0_exp5.0,"M3_20x_MIP_Z1-3.ome.tiff - czi_to_mip","Right: ec",Right,"ec",true,0.058482,225,3847.335
2026-07-09T14:04:29,sigma2.5_nPeak2_prom500_min20.0_max250.0_exp5.0,"M3_20x_MIP_Z1-3.ome.tiff - czi_to_mip","Right: LD",Right,"LD",false,0.507638,1899,3740.858
2026-07-09T14:04:29,sigma2.5_nPeak2_prom500_min20.0_max250.0_exp5.0,"M3_20x_MIP_Z1-3.ome.tiff - czi_to_mip","Right: MED",Right,"MED",false,1.161024,4333,3732.049
2026-07-09T14:04:29,sigma2.5_nPeak2_prom500_min20.0_max250.0_exp5.0,"M3_20x_MIP_Z1-3.ome.tiff - czi_to_mip","Left: VISa4",Left,"VISa4",true,0.014744,68,4612.091
2026-07-09T14:04:29,sigma2.5_nPeak2_prom500_min20.0_max250.0_exp5.0,"M3_20x_MIP_Z1-3.ome.tiff - czi_to_mip","Right: AUDv5",Right,"AUDv5",true,0.012390,50,4035.478
2026-07-09T14:04:29,sigma2.5_nPeak2_prom500_min20.0_max250.0_exp5.0,"M3_20x_MIP_Z1-3.ome.tiff - czi_to_mip","Left: STRd",Left,"STRd",false,1.916545,7736,4036.430
2026-07-09T14:04:29,sigma2.5_nPeak2_prom500_min20.0_max250.0_exp5.0,"M3_20x_MIP_Z1-3.ome.tiff - czi_to_mip","Left: amc",Left,"amc",true,0.045607,182,3990.605
2026-07-09T14:04:29,sigma2.5_nPeak2_prom500_min20.0_max250.0_exp5.0,"M3_20x_MIP_Z1-3.ome.tiff - czi_to_mip","Left: CH",Left,"CH",false,17.285962,67313,3894.085
2026-07-09T14:04:29,sigma2.5_nPeak2_prom500_min20.0_max250.0_exp5.0,"M3_20x_MIP_Z1-3.ome.tiff - czi_to_mip","Left: RSPv6b",Left,"RSPv6b",true,0.010544,56,5311.251
2026-07-09T14:04:29,sigma2.5_nPeak2_prom500_min20.0_max250.0_exp5.0,"M3_20x_MIP_Z1-3.ome.tiff - czi_to_mip","Left: st",Left,"st",false,0.050120,220,4389.440
2026-07-09T14:04:29,sigma2.5_nPeak2_prom500_min20.0_max250.0_exp5.0,"M3_20x_MIP_Z1-3.ome.tiff - czi_to_mip","Right: BMAa",Right,"BMAa",false,0.332232,1374,4135.659
2026-07-09T14:04:29,sigma2.5_nPeak2_prom500_min20.0_max250.0_exp5.0,"M3_20x_MIP_Z1-3.ome.tiff - czi_to_mip","Right: RSPd1",Right,"RSPd1",true,0.087036,142,1631.518
2026-07-09T14:04:29,sigma2.5_nPeak2_prom500_min20.0_max250.0_exp5.0,"M3_20x_MIP_Z1-3.ome.tiff - czi_to_mip","Right: VAL",Right,"VAL",true,0.357483,1278,3574.998
2026-07-09T14:04:29,sigma2.5_nPeak2_prom500_min20.0_max250.0_exp5.0,"M3_20x_MIP_Z1-3.ome.tiff - czi_to_mip","Right: nst",Right,"nst",false,0.027741,103,3712.952
2026-07-09T14:04:29,sigma2.5_nPeak2_prom500_min20.0_max250.0_exp5.0,"M3_20x_MIP_Z1-3.ome.tiff - czi_to_mip","Right: eps",Right,"eps",true,0.027741,103,3712.952
2026-07-09T14:04:29,sigma2.5_nPeak2_prom500_min20.0_max250.0_exp5.0,"M3_20x_MIP_Z1-3.ome.tiff - czi_to_mip","Left: SS",Left,"SS",false,5.216315,22628,4337.928
2026-07-09T14:04:29,sigma2.5_nPeak2_prom500_min20.0_max250.0_exp5.0,"M3_20x_MIP_Z1-3.ome.tiff - czi_to_mip","Right: lfbst",Right,"lfbst",false,0.625274,2644,4228.545
2026-07-09T14:04:29,sigma2.5_nPeak2_prom500_min20.0_max250.0_exp5.0,"M3_20x_MIP_Z1-3.ome.tiff - czi_to_mip","Right: fx",Right,"fx",true,0.019596,63,3214.967
2026-07-09T14:04:29,sigma2.5_nPeak2_prom500_min20.0_max250.0_exp5.0,"M3_20x_MIP_Z1-3.ome.tiff - czi_to_mip","Left: RSPagl6a",Left,"RSPagl6a",true,0.075425,345,4574.096
2026-07-09T14:04:29,sigma2.5_nPeak2_prom500_min20.0_max250.0_exp5.0,"M3_20x_MIP_Z1-3.ome.tiff - czi_to_mip","Right: SSp-bfd5",Right,"SSp-bfd5",true,0.351215,1533,4364.844
2026-07-09T14:04:29,sigma2.5_nPeak2_prom500_min20.0_max250.0_exp5.0,"M3_20x_MIP_Z1-3.ome.tiff - czi_to_mip","Left: LH",Left,"LH",true,0.138944,627,4512.603
2026-07-09T14:04:29,sigma2.5_nPeak2_prom500_min20.0_max250.0_exp5.0,"M3_20x_MIP_Z1-3.ome.tiff - czi_to_mip","Right: VISa4",Right,"VISa4",true,0.116353,562,4830.147
2026-07-09T14:04:29,sigma2.5_nPeak2_prom500_min20.0_max250.0_exp5.0,"M3_20x_MIP_Z1-3.ome.tiff - czi_to_mip","Right: CM",Right,"CM",true,0.130165,568,4363.684
2026-07-09T14:04:29,sigma2.5_nPeak2_prom500_min20.0_max250.0_exp5.0,"M3_20x_MIP_Z1-3.ome.tiff - czi_to_mip","Right: VL",Right,"VL",false,0.183410,491,2677.059
2026-07-09T14:04:29,sigma2.5_nPeak2_prom500_min20.0_max250.0_exp5.0,"M3_20x_MIP_Z1-3.ome.tiff - czi_to_mip","Right: V3",Right,"V3",true,0.116073,115,990.757
2026-07-09T14:04:29,sigma2.5_nPeak2_prom500_min20.0_max250.0_exp5.0,"M3_20x_MIP_Z1-3.ome.tiff - czi_to_mip","Right: ccb",Right,"ccb",true,0.526901,2451,4651.725
2026-07-09T14:04:29,sigma2.5_nPeak2_prom500_min20.0_max250.0_exp5.0,"M3_20x_MIP_Z1-3.ome.tiff - czi_to_mip","Right: PVZ",Right,"PVZ",false,0.207421,630,3037.296
2026-07-09T14:04:29,sigma2.5_nPeak2_prom500_min20.0_max250.0_exp5.0,"M3_20x_MIP_Z1-3.ome.tiff - czi_to_mip","Right: chpl",Right,"chpl",true,0.103050,223,2164.005
2026-07-09T14:04:29,sigma2.5_nPeak2_prom500_min20.0_max250.0_exp5.0,"M3_20x_MIP_Z1-3.ome.tiff - czi_to_mip","Right: EPd",Right,"EPd",true,0.162220,563,3470.589
2026-07-09T14:04:29,sigma2.5_nPeak2_prom500_min20.0_max250.0_exp5.0,"M3_20x_MIP_Z1-3.ome.tiff - czi_to_mip","Right: IA",Right,"IA",true,0.049426,224,4532.037
2026-07-09T14:04:29,sigma2.5_nPeak2_prom500_min20.0_max250.0_exp5.0,"M3_20x_MIP_Z1-3.ome.tiff - czi_to_mip","Right: BMA",Right,"BMA",true,0.332232,1374,4135.659
2026-07-09T14:04:29,sigma2.5_nPeak2_prom500_min20.0_max250.0_exp5.0,"M3_20x_MIP_Z1-3.ome.tiff - czi_to_mip","Left: PO",Left,"PO",true,0.202035,772,3821.120
2026-07-09T14:04:29,sigma2.5_nPeak2_prom500_min20.0_max250.0_exp5.0,"M3_20x_MIP_Z1-3.ome.tiff - czi_to_mip","Right: TU",Right,"TU",true,0.206876,704,3403.008
2026-07-09T14:04:29,sigma2.5_nPeak2_prom500_min20.0_max250.0_exp5.0,"M3_20x_MIP_Z1-3.ome.tiff - czi_to_mip","Right: opt",Right,"opt",false,0.153505,262,1706.780
2026-07-09T14:04:29,sigma2.5_nPeak2_prom500_min20.0_max250.0_exp5.0,"M3_20x_MIP_Z1-3.ome.tiff - czi_to_mip","Left: CTXsp",Left,"CTXsp",false,0.894044,3294,3684.384
2026-07-09T14:04:29,sigma2.5_nPeak2_prom500_min20.0_max250.0_exp5.0,"M3_20x_MIP_Z1-3.ome.tiff - czi_to_mip","Left: opt",Left,"opt",false,0.153633,253,1646.777
2026-07-09T14:04:29,sigma2.5_nPeak2_prom500_min20.0_max250.0_exp5.0,"M3_20x_MIP_Z1-3.ome.tiff - czi_to_mip","Left: SSs2/3",Left,"SSs2/3",true,0.458180,1912,4173.028
2026-07-09T14:04:29,sigma2.5_nPeak2_prom500_min20.0_max250.0_exp5.0,"M3_20x_MIP_Z1-3.ome.tiff - czi_to_mip","Right: PVT",Right,"PVT",true,0.074075,282,3806.928
2026-07-09T14:04:29,sigma2.5_nPeak2_prom500_min20.0_max250.0_exp5.0,"M3_20x_MIP_Z1-3.ome.tiff - czi_to_mip","Left: SSp-tr6a",Left,"SSp-tr6a",true,0.183887,847,4606.096
2026-07-09T14:04:29,sigma2.5_nPeak2_prom500_min20.0_max250.0_exp5.0,"M3_20x_MIP_Z1-3.ome.tiff - czi_to_mip","Left: PALv",Left,"PALv",true,0.090190,290,3215.448
2026-07-09T14:04:29,sigma2.5_nPeak2_prom500_min20.0_max250.0_exp5.0,"M3_20x_MIP_Z1-3.ome.tiff - czi_to_mip","Left: CL",Left,"CL",true,0.188437,748,3969.498
2026-07-09T14:04:29,sigma2.5_nPeak2_prom500_min20.0_max250.0_exp5.0,"M3_20x_MIP_Z1-3.ome.tiff - czi_to_mip","Left: fr",Left,"fr",true,0.006595,28,4245.531
2026-07-09T14:04:29,sigma2.5_nPeak2_prom500_min20.0_max250.0_exp5.0,"M3_20x_MIP_Z1-3.ome.tiff - czi_to_mip","Right: TEa",Right,"TEa",false,0.200539,438,2184.112
2026-07-09T14:04:29,sigma2.5_nPeak2_prom500_min20.0_max250.0_exp5.0,"M3_20x_MIP_Z1-3.ome.tiff - czi_to_mip","Left: SSp-bfd1",Left,"SSp-bfd1",true,0.255393,896,3508.323
2026-07-09T14:04:29,sigma2.5_nPeak2_prom500_min20.0_max250.0_exp5.0,"M3_20x_MIP_Z1-3.ome.tiff - czi_to_mip","Left: VP",Left,"VP",false,0.621477,2487,4001.757
2026-07-09T14:04:29,sigma2.5_nPeak2_prom500_min20.0_max250.0_exp5.0,"M3_20x_MIP_Z1-3.ome.tiff - czi_to_mip","Left: sAMY",Left,"sAMY",false,1.256874,4733,3765.693
2026-07-09T14:04:29,sigma2.5_nPeak2_prom500_min20.0_max250.0_exp5.0,"M3_20x_MIP_Z1-3.ome.tiff - czi_to_mip","Left: MEA",Left,"MEA",true,0.441820,1691,3827.350
2026-07-09T14:04:29,sigma2.5_nPeak2_prom500_min20.0_max250.0_exp5.0,"M3_20x_MIP_Z1-3.ome.tiff - czi_to_mip","Left: DG-mo",Left,"DG-mo",true,0.444056,1278,2878.018
2026-07-09T14:04:29,sigma2.5_nPeak2_prom500_min20.0_max250.0_exp5.0,"M3_20x_MIP_Z1-3.ome.tiff - czi_to_mip","Right: CEA",Right,"CEA",false,0.468516,1813,3869.665
2026-07-09T14:04:29,sigma2.5_nPeak2_prom500_min20.0_max250.0_exp5.0,"M3_20x_MIP_Z1-3.ome.tiff - czi_to_mip","Left: SSp-tr1",Left,"SSp-tr1",true,0.096183,367,3815.633
2026-07-09T14:04:29,sigma2.5_nPeak2_prom500_min20.0_max250.0_exp5.0,"M3_20x_MIP_Z1-3.ome.tiff - czi_to_mip","Right: AIp1",Right,"AIp1",true,0.091884,146,1588.952
2026-07-09T14:04:29,sigma2.5_nPeak2_prom500_min20.0_max250.0_exp5.0,"M3_20x_MIP_Z1-3.ome.tiff - czi_to_mip","Left: PCN",Left,"PCN",true,0.142013,571,4020.751
2026-07-09T14:04:29,sigma2.5_nPeak2_prom500_min20.0_max250.0_exp5.0,"M3_20x_MIP_Z1-3.ome.tiff - czi_to_mip","Left: COA",Left,"COA",true,0.363231,1480,4074.539
2026-07-09T14:04:29,sigma2.5_nPeak2_prom500_min20.0_max250.0_exp5.0,"M3_20x_MIP_Z1-3.ome.tiff - czi_to_mip","Right: AHN",Right,"AHN",true,0.146864,616,4194.365
2026-07-09T14:04:29,sigma2.5_nPeak2_prom500_min20.0_max250.0_exp5.0,"M3_20x_MIP_Z1-3.ome.tiff - czi_to_mip","Right: ECT",Right,"ECT",false,0.017041,16,938.916
2026-07-09T14:04:29,sigma2.5_nPeak2_prom500_min20.0_max250.0_exp5.0,"M3_20x_MIP_Z1-3.ome.tiff - czi_to_mip","Right: CA3",Right,"CA3",true,0.661176,2250,3403.025
2026-07-09T14:04:29,sigma2.5_nPeak2_prom500_min20.0_max250.0_exp5.0,"M3_20x_MIP_Z1-3.ome.tiff - czi_to_mip","Right: SSp-bfd6a",Right,"SSp-bfd6a",true,0.431594,1917,4441.674
2026-07-09T14:04:29,sigma2.5_nPeak2_prom500_min20.0_max250.0_exp5.0,"M3_20x_MIP_Z1-3.ome.tiff - czi_to_mip","Right: ILM",Right,"ILM",false,0.512388,2054,4008.678
2026-07-09T14:04:29,sigma2.5_nPeak2_prom500_min20.0_max250.0_exp5.0,"M3_20x_MIP_Z1-3.ome.tiff - czi_to_mip","Left: RSPagl",Left,"RSPagl",false,0.295376,1344,4550.129
2026-07-09T14:04:29,sigma2.5_nPeak2_prom500_min20.0_max250.0_exp5.0,"M3_20x_MIP_Z1-3.ome.tiff - czi_to_mip","Right: hbc",Right,"hbc",true,0.009731,33,3391.162
2026-07-09T14:04:29,sigma2.5_nPeak2_prom500_min20.0_max250.0_exp5.0,"M3_20x_MIP_Z1-3.ome.tiff - czi_to_mip","Left: SSp-un6a",Left,"SSp-un6a",true,0.059098,264,4467.180
2026-07-09T14:04:29,sigma2.5_nPeak2_prom500_min20.0_max250.0_exp5.0,"M3_20x_MIP_Z1-3.ome.tiff - czi_to_mip","Left: DG-po",Left,"DG-po",true,0.043037,164,3810.631
2026-07-09T14:04:29,sigma2.5_nPeak2_prom500_min20.0_max250.0_exp5.0,"M3_20x_MIP_Z1-3.ome.tiff - czi_to_mip","Right: FC",Right,"FC",true,0.042902,140,3263.266
2026-07-09T14:04:29,sigma2.5_nPeak2_prom500_min20.0_max250.0_exp5.0,"M3_20x_MIP_Z1-3.ome.tiff - czi_to_mip","Left: CTX",Left,"CTX",false,13.112480,51156,3901.322
2026-07-09T14:04:29,sigma2.5_nPeak2_prom500_min20.0_max250.0_exp5.0,"M3_20x_MIP_Z1-3.ome.tiff - czi_to_mip","Left: SSp-un4",Left,"SSp-un4",true,0.007588,41,5403.285
2026-07-09T14:04:29,sigma2.5_nPeak2_prom500_min20.0_max250.0_exp5.0,"M3_20x_MIP_Z1-3.ome.tiff - czi_to_mip","Left: MEZ",Left,"MEZ",false,0.652789,2564,3927.763
2026-07-09T14:04:29,sigma2.5_nPeak2_prom500_min20.0_max250.0_exp5.0,"M3_20x_MIP_Z1-3.ome.tiff - czi_to_mip","Left: GPe",Left,"GPe",true,0.346380,1348,3891.674
2026-07-09T14:04:29,sigma2.5_nPeak2_prom500_min20.0_max250.0_exp5.0,"M3_20x_MIP_Z1-3.ome.tiff - czi_to_mip","Left: ZI",Left,"ZI",true,0.216296,952,4401.368
2026-07-09T14:04:29,sigma2.5_nPeak2_prom500_min20.0_max250.0_exp5.0,"M3_20x_MIP_Z1-3.ome.tiff - czi_to_mip","Right: VISC4",Right,"VISC4",true,0.077410,296,3823.816
2026-07-09T14:04:29,sigma2.5_nPeak2_prom500_min20.0_max250.0_exp5.0,"M3_20x_MIP_Z1-3.ome.tiff - czi_to_mip","Left: BMAa",Left,"BMAa",false,0.286367,1121,3914.553
2026-07-09T14:04:29,sigma2.5_nPeak2_prom500_min20.0_max250.0_exp5.0,"M3_20x_MIP_Z1-3.ome.tiff - czi_to_mip","Left: mfbse",Left,"mfbse",false,0.051278,165,3217.727
2026-07-09T14:04:29,sigma2.5_nPeak2_prom500_min20.0_max250.0_exp5.0,"M3_20x_MIP_Z1-3.ome.tiff - czi_to_mip","Right: SSs5",Right,"SSs5",true,0.528343,2018,3819.485
2026-07-09T14:04:29,sigma2.5_nPeak2_prom500_min20.0_max250.0_exp5.0,"M3_20x_MIP_Z1-3.ome.tiff - czi_to_mip","Left: SSp-bfd5",Left,"SSp-bfd5",true,0.440402,1880,4268.825
2026-07-09T14:04:29,sigma2.5_nPeak2_prom500_min20.0_max250.0_exp5.0,"M3_20x_MIP_Z1-3.ome.tiff - czi_to_mip","Left: VISC5",Left,"VISC5",true,0.209247,791,3780.220
2026-07-09T14:04:29,sigma2.5_nPeak2_prom500_min20.0_max250.0_exp5.0,"M3_20x_MIP_Z1-3.ome.tiff - czi_to_mip","Left: VISC1",Left,"VISC1",true,0.102851,172,1672.320
2026-07-09T14:04:29,sigma2.5_nPeak2_prom500_min20.0_max250.0_exp5.0,"M3_20x_MIP_Z1-3.ome.tiff - czi_to_mip","Right: LP",Right,"LP",true,0.137389,519,3777.607
2026-07-09T14:04:29,sigma2.5_nPeak2_prom500_min20.0_max250.0_exp5.0,"M3_20x_MIP_Z1-3.ome.tiff - czi_to_mip","Left: SSp-ul",Left,"SSp-ul",false,0.064389,313,4861.061
2026-07-09T14:04:29,sigma2.5_nPeak2_prom500_min20.0_max250.0_exp5.0,"M3_20x_MIP_Z1-3.ome.tiff - czi_to_mip","Left: IIn",Left,"IIn",true,0.153633,253,1646.777
2026-07-09T14:04:29,sigma2.5_nPeak2_prom500_min20.0_max250.0_exp5.0,"M3_20x_MIP_Z1-3.ome.tiff - czi_to_mip","Right: VISC2/3",Right,"VISC2/3",true,0.137051,475,3465.858
2026-07-09T14:04:29,sigma2.5_nPeak2_prom500_min20.0_max250.0_exp5.0,"M3_20x_MIP_Z1-3.ome.tiff - czi_to_mip","Right: dhc",Right,"dhc",true,0.048243,207,4290.815
2026-07-09T14:04:29,sigma2.5_nPeak2_prom500_min20.0_max250.0_exp5.0,"M3_20x_MIP_Z1-3.ome.tiff - czi_to_mip","Right: PIR",Right,"PIR",true,1.257511,3751,2982.877
2026-07-09T14:04:29,sigma2.5_nPeak2_prom500_min20.0_max250.0_exp5.0,"M3_20x_MIP_Z1-3.ome.tiff - czi_to_mip","Left: PVT",Left,"PVT",true,0.072966,323,4426.727
2026-07-09T14:04:29,sigma2.5_nPeak2_prom500_min20.0_max250.0_exp5.0,"M3_20x_MIP_Z1-3.ome.tiff - czi_to_mip","Left: DORpm",Left,"DORpm",false,3.431784,13569,3953.920
2026-07-09T14:04:29,sigma2.5_nPeak2_prom500_min20.0_max250.0_exp5.0,"M3_20x_MIP_Z1-3.ome.tiff - czi_to_mip","Left: VISa1",Left,"VISa1",true,0.060310,227,3763.886
2026-07-09T14:04:29,sigma2.5_nPeak2_prom500_min20.0_max250.0_exp5.0,"M3_20x_MIP_Z1-3.ome.tiff - czi_to_mip","Left: SSp-tr",Left,"SSp-tr",false,0.906071,4239,4678.442
2026-07-09T14:04:29,sigma2.5_nPeak2_prom500_min20.0_max250.0_exp5.0,"M3_20x_MIP_Z1-3.ome.tiff - czi_to_mip","Right: IIn",Right,"IIn",true,0.153505,262,1706.780
2026-07-09T14:04:29,sigma2.5_nPeak2_prom500_min20.0_max250.0_exp5.0,"M3_20x_MIP_Z1-3.ome.tiff - czi_to_mip","Right: AIp6a",Right,"AIp6a",true,0.105425,345,3272.460
2026-07-09T14:04:29,sigma2.5_nPeak2_prom500_min20.0_max250.0_exp5.0,"M3_20x_MIP_Z1-3.ome.tiff - czi_to_mip","Right: AUDv4",Right,"AUDv4",true,0.056100,221,3939.393
2026-07-09T14:04:29,sigma2.5_nPeak2_prom500_min20.0_max250.0_exp5.0,"M3_20x_MIP_Z1-3.ome.tiff - czi_to_mip","Right: AUDd5",Right,"AUDd5",true,0.014864,60,4036.628
2026-07-09T14:04:29,sigma2.5_nPeak2_prom500_min20.0_max250.0_exp5.0,"M3_20x_MIP_Z1-3.ome.tiff - czi_to_mip","Left: PVHd",Left,"PVHd",true,0.260641,1041,3994.001
2026-07-09T14:04:29,sigma2.5_nPeak2_prom500_min20.0_max250.0_exp5.0,"M3_20x_MIP_Z1-3.ome.tiff - czi_to_mip","Left: BLAa",Left,"BLAa",false,0.169745,615,3623.075
2026-07-09T14:04:29,sigma2.5_nPeak2_prom500_min20.0_max250.0_exp5.0,"M3_20x_MIP_Z1-3.ome.tiff - czi_to_mip","Left: SSs1",Left,"SSs1",true,0.283550,726,2560.398
2026-07-09T14:04:29,sigma2.5_nPeak2_prom500_min20.0_max250.0_exp5.0,"M3_20x_MIP_Z1-3.ome.tiff - czi_to_mip","Left: RSPv6a",Left,"RSPv6a",true,0.066723,328,4915.863
2026-07-09T14:04:29,sigma2.5_nPeak2_prom500_min20.0_max250.0_exp5.0,"M3_20x_MIP_Z1-3.ome.tiff - czi_to_mip","Left: PALd",Left,"PALd",false,0.634006,2380,3753.906
2026-07-09T14:04:29,sigma2.5_nPeak2_prom500_min20.0_max250.0_exp5.0,"M3_20x_MIP_Z1-3.ome.tiff - czi_to_mip","Left: RH",Left,"RH",true,0.057025,269,4717.204
2026-07-09T14:04:29,sigma2.5_nPeak2_prom500_min20.0_max250.0_exp5.0,"M3_20x_MIP_Z1-3.ome.tiff - czi_to_mip","Left: alv",Left,"alv",true,0.158704,715,4505.233
2026-07-09T14:04:29,sigma2.5_nPeak2_prom500_min20.0_max250.0_exp5.0,"M3_20x_MIP_Z1-3.ome.tiff - czi_to_mip","Right: SSp-tr",Right,"SSp-tr",false,0.321356,1535,4776.633
2026-07-09T14:04:29,sigma2.5_nPeak2_prom500_min20.0_max250.0_exp5.0,"M3_20x_MIP_Z1-3.ome.tiff - czi_to_mip","Right: SSs6a",Right,"SSs6a",true,0.440032,1822,4140.610
2026-07-09T14:04:29,sigma2.5_nPeak2_prom500_min20.0_max250.0_exp5.0,"M3_20x_MIP_Z1-3.ome.tiff - czi_to_mip","Left: MH",Left,"MH",true,0.137940,690,5002.186
2026-07-09T14:04:29,sigma2.5_nPeak2_prom500_min20.0_max250.0_exp5.0,"M3_20x_MIP_Z1-3.ome.tiff - czi_to_mip","Right: EPv",Right,"EPv",true,0.171655,472,2749.703
2026-07-09T14:04:29,sigma2.5_nPeak2_prom500_min20.0_max250.0_exp5.0,"M3_20x_MIP_Z1-3.ome.tiff - czi_to_mip","Right: amc",Right,"amc",true,0.051400,210,4085.594
2026-07-09T14:04:29,sigma2.5_nPeak2_prom500_min20.0_max250.0_exp5.0,"M3_20x_MIP_Z1-3.ome.tiff - czi_to_mip","Left: RSPv2/3",Left,"RSPv2/3",true,0.144155,616,4273.165
2026-07-09T14:04:29,sigma2.5_nPeak2_prom500_min20.0_max250.0_exp5.0,"M3_20x_MIP_Z1-3.ome.tiff - czi_to_mip","Right: VISrl",Right,"VISrl",true,0.001215,6,4937.171
2026-07-09T14:04:29,sigma2.5_nPeak2_prom500_min20.0_max250.0_exp5.0,"M3_20x_MIP_Z1-3.ome.tiff - czi_to_mip","Right: CEAm",Right,"CEAm",true,0.279211,1062,3803.574
2026-07-09T14:04:29,sigma2.5_nPeak2_prom500_min20.0_max250.0_exp5.0,"M3_20x_MIP_Z1-3.ome.tiff - czi_to_mip","Left: AIp2/3",Left,"AIp2/3",true,0.176348,641,3634.856
2026-07-09T14:04:29,sigma2.5_nPeak2_prom500_min20.0_max250.0_exp5.0,"M3_20x_MIP_Z1-3.ome.tiff - czi_to_mip","Left: MED",Left,"MED",false,1.133409,4204,3709.165
2026-07-09T14:04:29,sigma2.5_nPeak2_prom500_min20.0_max250.0_exp5.0,"M3_20x_MIP_Z1-3.ome.tiff - czi_to_mip","Left: fxpo",Left,"fxpo",false,0.021021,74,3520.302
2026-07-09T14:04:29,sigma2.5_nPeak2_prom500_min20.0_max250.0_exp5.0,"M3_20x_MIP_Z1-3.ome.tiff - czi_to_mip","Right: SSp-bfd2/3",Right,"SSp-bfd2/3",true,0.377536,1741,4611.476
2026-07-09T14:04:29,sigma2.5_nPeak2_prom500_min20.0_max250.0_exp5.0,"M3_20x_MIP_Z1-3.ome.tiff - czi_to_mip","Right: CP",Right,"CP",true,1.217365,4992,4100.659
2026-07-09T14:04:29,sigma2.5_nPeak2_prom500_min20.0_max250.0_exp5.0,"M3_20x_MIP_Z1-3.ome.tiff - czi_to_mip","Right: CTX",Right,"CTX",false,13.859328,51056,3683.873
2026-07-09T14:04:29,sigma2.5_nPeak2_prom500_min20.0_max250.0_exp5.0,"M3_20x_MIP_Z1-3.ome.tiff - czi_to_mip","Right: RSPagl6b",Right,"RSPagl6b",true,0.008987,42,4673.598
2026-07-09T14:04:29,sigma2.5_nPeak2_prom500_min20.0_max250.0_exp5.0,"M3_20x_MIP_Z1-3.ome.tiff - czi_to_mip","Right: VISrl1",Right,"VISrl1",false,0.001215,6,4937.171
2026-07-09T14:04:29,sigma2.5_nPeak2_prom500_min20.0_max250.0_exp5.0,"M3_20x_MIP_Z1-3.ome.tiff - czi_to_mip","Right: st",Right,"st",false,0.051328,185,3604.306
2026-07-09T14:04:29,sigma2.5_nPeak2_prom500_min20.0_max250.0_exp5.0,"M3_20x_MIP_Z1-3.ome.tiff - czi_to_mip","Right: VISa1",Right,"VISa1",true,0.171338,575,3355.934
2026-07-09T14:04:29,sigma2.5_nPeak2_prom500_min20.0_max250.0_exp5.0,"M3_20x_MIP_Z1-3.ome.tiff - czi_to_mip","allen_mouse_10um_java",,"allen_mouse_10um_java",false,56.099894,213100,3798.581
2026-07-09T14:04:29,sigma2.5_nPeak2_prom500_min20.0_max250.0_exp5.0,"M3_20x_MIP_Z1-3.ome.tiff - czi_to_mip","Right: VPM",Right,"VPM",true,0.663916,2720,4096.905
2026-07-09T14:04:29,sigma2.5_nPeak2_prom500_min20.0_max250.0_exp5.0,"M3_20x_MIP_Z1-3.ome.tiff - czi_to_mip","Right: alv",Right,"alv",true,0.171722,714,4157.871
2026-07-09T14:04:29,sigma2.5_nPeak2_prom500_min20.0_max250.0_exp5.0,"M3_20x_MIP_Z1-3.ome.tiff - czi_to_mip","Right: SSp-tr4",Right,"SSp-tr4",true,0.017355,83,4782.406
2026-07-09T14:04:29,sigma2.5_nPeak2_prom500_min20.0_max250.0_exp5.0,"M3_20x_MIP_Z1-3.ome.tiff - czi_to_mip","Right: Eth",Right,"Eth",true,0.005855,22,3757.463
2026-07-09T14:04:29,sigma2.5_nPeak2_prom500_min20.0_max250.0_exp5.0,"M3_20x_MIP_Z1-3.ome.tiff - czi_to_mip","Left: CA3",Left,"CA3",true,0.629099,2125,3377.849
2026-07-09T14:04:29,sigma2.5_nPeak2_prom500_min20.0_max250.0_exp5.0,"M3_20x_MIP_Z1-3.ome.tiff - czi_to_mip","Right: mfbc",Right,"mfbc",false,0.749228,3322,4433.895
2026-07-09T14:04:29,sigma2.5_nPeak2_prom500_min20.0_max250.0_exp5.0,"M3_20x_MIP_Z1-3.ome.tiff - czi_to_mip","Right: hc",Right,"hc",false,0.048243,207,4290.815
2026-07-09T14:04:29,sigma2.5_nPeak2_prom500_min20.0_max250.0_exp5.0,"M3_20x_MIP_Z1-3.ome.tiff - czi_to_mip","Right: SI",Right,"SI",false,0.082760,298,3600.775
2026-07-09T14:04:29,sigma2.5_nPeak2_prom500_min20.0_max250.0_exp5.0,"M3_20x_MIP_Z1-3.ome.tiff - czi_to_mip","Right: int",Right,"int",true,0.533487,1982,3715.179
